Papel	Cotação	P/L	P/VP	PSR	Div.Yield	P/Ativo	P/Cap.Giro	P/EBIT	P/Ativ Circ.Liq	EV/EBIT	EV/EBITDA	Mrg Ebit	Mrg. Líq.	Liq. Corr.	ROIC	ROE	Liq.2meses	Patrim. Líq	Dív.Brut/ Patrim.	Cresc. Rec.5a
GNDI3	71,02	-3.802,75	6,19	3,631	0,39%	2,522	84,49	92,34	-6,59	96,42	53,83	3,93%	-0,09%	1,17	3,09%	-0,16%	332.320.000,00	7.116.080.000,00	0,53	25,23%
APER3	32,29	-3.074,01	1,67	3,846	0,00%	1,004	7,07	-8,38	-9,76	-6,63	-8,95	-45,89%	-0,31%	1,92	-15,46%	-0,05%	1.770.850,00	293.651.000,00	0,00	6,64%
CASH3	2,88	-483,11	3,24	11,108	0,20%	2,801	3,91	-254,66	4,42	-192,08	-290,92	-4,36%	-1,15%	21,09	-3,63%	-0,67%	162.006.000,00	713.849.000,00	0,00	0,00%
RCSL3	3,96	-464,08	-6,87	5,522	0,00%	4,634	68,24	328,15	-4,04	325,69	173,36	1,68%	-1,18%	1,15	1,50%	1,48%	21.488.100,00	-43.698.000,00	-0,00	667,41%
DASA3	27,79	-430,01	2,10	1,562	1,06%	0,847	19,06	98,83	-2,96	118,88	17,76	1,58%	-0,26%	1,17	1,04%	-0,49%	12.190.400,00	7.418.660.000,00	0,72	30,37%
RCSL4	1,18	-138,29	-2,05	1,646	0,00%	1,381	20,33	97,78	-1,21	95,32	50,74	1,68%	-1,18%	1,15	1,50%	1,48%	1.544.010,00	-43.698.000,00	-0,00	667,41%
MAPT4	21,51	-114,93	-3,35	0,000	0,00%	25,573	-4.941,92	-130,91	-2,96	-130,91	-130,91	0,00%	0,00%	0,00	-19,64%	2,92%	1.732,44	-5.898.000,00	0,00	0,00%
NORD3	10,12	-67,41	-0,48	33,841	0,00%	3,817	-1,44	-64,06	-0,43	-100,02	-100,02	-52,83%	-50,20%	0,03	-6,16%	0,71%	2.476,74	-140.887.000,00	-0,27	46,63%
FRTA3	4,88	-65,50	-0,15	0,578	0,00%	0,295	-0,12	-36,98	-0,11	-263,32	-263,32	-1,56%	-0,88%	0,06	-0,96%	0,24%	23.005,50	-64.752.000,00	-0,96	-27,76%
ELMD3	14,00	-51,58	2,59	5,599	0,00%	1,249	5,01	-64,72	-16,24	-65,23	49,88	-8,65%	-10,85%	2,29	-3,34%	-5,03%	1.742.820,00	750.727.000,00	0,79	0,00%
EMBR3	18,97	-47,87	0,96	0,532	0,00%	0,249	0,84	7,13	-1,66	12,25	7,62	7,47%	-1,15%	2,04	4,91%	-2,00%	225.978.000,00	14.686.800.000,00	1,60	2,38%
RRRP3	37,48	-37,62	4,17	11,602	0,00%	2,077	8,73	30,35	-21,17	27,99	19,84	38,23%	-30,15%	2,64	10,62%	-11,08%	127.202.000,00	1.822.360.000,00	0,37	0,00%
VLID3	10,40	-35,08	0,69	0,396	2,79%	0,280	1,80	5,73	-1,87	11,72	5,81	6,91%	-1,04%	1,57	6,01%	-1,97%	3.933.360,00	1.235.000.000,00	1,05	7,86%
OMGE3	27,57	-32,03	1,59	3,419	0,00%	0,543	10,86	12,56	-1,06	24,34	13,09	27,23%	-11,12%	1,72	4,69%	-4,95%	16.274.500,00	3.483.570.000,00	1,66	38,73%
ORVR3	29,00	-31,84	5,54	5,408	0,00%	2,241	14,08	41,02	-12,25	46,16	23,35	13,18%	-8,88%	1,66	5,65%	-17,39%	13.446.200,00	374.300.000,00	0,71	0,00%
OPCT3	2,90	-19,21	0,66	0,872	0,00%	0,290	1,63	220,15	-1,34	369,29	8,57	0,40%	-1,76%	2,06	0,18%	-3,43%	2.664.680,00	880.290.000,00	0,98	0,00%
DTCY3	7,55	-19,01	54,01	7,765	0,00%	4,470	-30,95	-35,94	-8,06	-35,76	44,71	-21,60%	-40,85%	0,72	-14,31%	-284,13%	342,54	1.556.000,00	1,21	-8,50%
TELB3	39,50	-18,66	1,85	10,007	0,00%	0,667	2,45	-7,76	-2,13	-5,68	-20,95	-129,01%	-53,64%	5,93	-11,43%	-9,94%	17.865,80	1.445.520.000,00	0,16	70,12%
HBSA3	2,80	-18,51	1,49	1,649	0,00%	0,345	4,48	10,85	-0,57	31,45	12,27	15,20%	-8,91%	1,92	3,47%	-8,05%	10.123.500,00	1.427.680.000,00	3,10	36,31%
ECOR3	7,19	-18,40	2,37	1,130	0,00%	0,291	-3,56	2,65	-0,47	6,63	4,94	42,59%	-6,19%	0,76	13,80%	-12,90%	49.060.000,00	2.109.920.000,00	5,16	10,80%
TCNO3	1,75	-18,27	-20,04	0,000	0,00%	0,049	-0,12	-5,39	-0,06	-21,11	-25,50	0,00%	0,00%	0,29	-1,24%	109,69%	132.390,00	-578.000,00	-58,53	53,01%
SMFT3	16,52	-15,45	2,14	6,263	0,00%	0,889	4,08	-27,04	-3,80	-26,91	23,28	-23,16%	-40,66%	2,68	-4,86%	-13,85%	22.603.200,00	4.524.110.000,00	0,72	12,21%
HBRE3	7,90	-14,70	0,46	10,210	0,00%	0,238	2,62	11,78	-1,05	18,38	18,23	86,67%	-78,29%	2,12	2,42%	-3,14%	576.697,00	1.767.560.000,00	0,57	0,00%
BIOM3	13,90	-13,76	7,19	9,825	0,00%	2,650	13,21	-17,69	-11,91	-19,80	-20,04	-55,55%	-71,41%	1,96	-18,71%	-52,27%	185.245,00	142.109.000,00	1,25	596,49%
TCNO4	1,28	-13,37	-14,66	0,000	0,00%	0,036	-0,08	-3,94	-0,04	-19,66	-23,75	0,00%	0,00%	0,29	-1,24%	109,69%	206.568,00	-578.000,00	-58,53	53,01%
WEST3	3,38	-12,11	0,94	1,226	0,00%	0,706	1,18	-6,55	1,36	-1,70	-1,70	-18,73%	-10,13%	4,48	-34,00%	-7,75%	3.228.180,00	396.627.000,00	0,09	0,00%
FRIO3	50,59	-11,97	-1,84	0,111	0,00%	0,116	-2,55	3,14	-0,38	16,62	8,39	3,53%	0,24%	0,94	6,36%	15,40%	117,65	-112.663.000,00	-11,09	17,35%
MEAL3	2,67	-9,76	0,66	0,465	0,00%	0,257	2,16	-10,91	-0,74	-13,37	8,61	-4,26%	-4,76%	1,81	-3,11%	-6,76%	4.976.250,00	1.158.050.000,00	0,61	-0,48%
MSPA3	48,50	-9,34	0,39	2,361	0,00%	0,226	25,35	-9,89	-0,62	-11,80	1.313,98	-23,87%	-25,29%	1,21	-2,34%	-4,14%	451,16	803.538.000,00	0,10	-5,63%
MSPA4	46,00	-8,85	0,37	2,240	0,00%	0,215	24,05	-9,38	-0,59	-11,29	1.257,20	-23,87%	-25,29%	1,21	-2,34%	-4,14%	427,91	803.538.000,00	0,10	-5,63%
AMAR3	3,22	-8,65	0,90	0,346	0,00%	0,250	3,41	3,33	-1,17	8,15	3,83	10,39%	0,40%	1,17	9,82%	-10,46%	25.207.600,00	931.310.000,00	1,60	-5,28%
MBLY3	6,60	-7,65	1,07	0,985	0,00%	0,700	1,32	-8,88	1,95	-6,97	-13,45	-11,09%	-12,88%	4,06	-13,66%	-13,98%	1.691.510,00	657.212.000,00	0,29	0,00%
TELB4	14,60	-6,90	0,69	3,699	0,00%	0,246	0,91	-2,87	-0,79	-0,80	-2,93	-129,01%	-53,64%	5,93	-11,43%	-9,94%	87.971,20	1.445.520.000,00	0,16	70,12%
BAHI3	13,70	-5,57	1,57	0,904	0,00%	0,406	-1,66	125,22	-0,68	128,66	18,86	0,72%	-16,47%	0,33	0,35%	-28,19%	55.140,50	142.631.000,00	0,32	78,05%
ENJU3	2,92	-5,56	1,28	5,491	0,00%	1,166	1,40	-5,06	1,43	-1,38	-1,50	-108,60%	-98,77%	12,44	-188,24%	-23,05%	8.691.780,00	450.931.000,00	0,00	0,00%
ALPK3	4,69	-5,18	1,94	1,301	0,00%	0,377	-1,83	13,66	-0,53	33,23	7,62	9,52%	-24,98%	0,31	2,97%	-37,55%	78.154,30	504.587.000,00	2,91	0,00%
PINE4	1,63	-4,95	0,31	0,000	0,00%	0,000	0,00	0,00	0,00	0,00	0,00	0,00%	0,00%	0,00	0,00%	-6,33%	351.159,00	771.253.000,00	0,00	0,18%
TXRX4	6,75	-4,85	-0,09	0,193	0,00%	0,135	-0,11	0,97	-0,07	9,50	8,13	19,93%	-3,99%	0,26	20,57%	1,91%	2.569,23	-311.100.000,00	-0,81	15,22%
CEED3	59,99	-4,41	-1,33	0,889	0,00%	0,630	6,32	-21,07	-0,61	-30,02	119,23	-4,22%	-20,14%	1,29	-4,23%	30,24%	1.928,37	-3.067.670.000,00	-1,02	41,47%
CTNM3	8,37	-4,38	0,32	0,110	0,00%	0,059	0,88	1,27	-0,25	7,17	4,59	8,62%	-4,23%	1,19	5,43%	-7,26%	369,63	806.232.000,00	1,85	-5,64%
BKBR3	6,03	-4,21	1,07	0,635	0,00%	0,447	15,59	-6,09	-1,21	-7,36	21,94	-10,43%	-15,10%	1,16	-8,96%	-25,51%	13.384.500,00	1.547.140.000,00	0,54	3,85%
IRBR3	3,02	-4,11	0,95	0,468	0,00%	0,160	0,00	-2,53	0,00	0,00	0,00	-18,50%	-11,39%	0,00	0,00%	-23,15%	51.518.400,00	4.025.520.000,00	0,00	0,10%
ADHM3	1,56	-4,09	-1,29	770,924	0,00%	105,126	-1,43	-5,69	-1,27	-5,69	-5,81	-13.548,50%	-18.860,60%	0,00	521,70%	31,47%	2.064,00	-19.776.000,00	0,00	43,48%
BLUT3	1,72	-3,98	0,59	0,000	0,00%	0,182	-1,44	-21,34	-0,26	-25,39	-25,39	0,00%	0,00%	0,00	-0,86%	-14,79%	345.869,00	58.673.000,00	0,11	0,00%
AHEB3	27,50	-3,88	-4,89	1,230	0,00%	0,833	-3,36	-5,91	-0,88	-5,74	-7,20	-20,80%	-31,68%	0,47	-14,96%	125,95%	4.085,91	-48.063.000,00	0,00	33,10%
AHEB5	22,00	-3,11	-3,91	0,984	0,00%	0,667	-2,69	-4,73	-0,70	-4,56	-5,72	-20,80%	-31,68%	0,47	-14,96%	125,95%	109,23	-48.063.000,00	0,00	33,10%
SGPS3	5,85	-2,47	0,29	0,163	0,00%	0,090	0,74	2,37	-0,40	8,21	4,56	6,87%	-6,58%	1,36	4,50%	-11,57%	371.741,00	1.022.990.000,00	0,96	-8,56%
SHOW3	3,59	-2,41	1,57	20,234	0,00%	0,487	2,55	-4,50	-5,66	-3,29	-3,81	-449,62%	-848,46%	1,46	-20,52%	-65,32%	2.212.500,00	153.907.000,00	0,88	-60,56%
OIBR4	1,76	-2,36	10,94	5,798	0,00%	0,154	0,51	-3,32	-0,41	-11,37	-29,44	-174,48%	-245,43%	1,97	-5,08%	-462,73%	1.512.360,00	1.061.810.000,00	29,52	-40,34%
CRDE3	16,74	-2,27	0,40	19,549	0,00%	0,353	2,91	-4,24	4,32	-2,61	-2,62	-460,70%	-860,99%	2,79	-9,77%	-17,44%	8.242,00	102.494.000,00	0,00	-28,36%
AZUL4	26,37	-2,20	-0,51	1,143	0,00%	0,513	-1,96	-99,31	-0,32	-172,90	11,91	-1,15%	-51,85%	0,59	-0,74%	23,06%	196.917.000,00	-17.945.900.000,00	-0,58	-6,77%
VIVR3	1,16	-2,09	-1,33	2,116	0,00%	0,479	-1,78	-3,86	-0,54	-7,24	-7,49	-54,74%	-101,21%	0,64	-15,98%	63,55%	5.937.530,00	-124.814.000,00	-1,69	58,02%
BLUT4	0,90	-2,08	0,31	0,000	0,00%	0,095	-0,75	-11,17	-0,14	-15,22	-15,22	0,00%	0,00%	0,00	-0,86%	-14,79%	584.243,00	58.673.000,00	0,11	0,00%
CTNM4	3,68	-1,93	0,14	0,048	0,00%	0,026	0,38	0,56	-0,11	6,45	4,14	8,62%	-4,23%	1,19	5,43%	-7,26%	36.702,30	806.232.000,00	1,85	-5,64%
TCSA3	3,63	-1,71	0,41	1,598	0,00%	0,171	0,59	-3,27	-1,48	-7,83	-8,84	-48,86%	-94,24%	2,81	-5,96%	-24,10%	2.589.000,00	649.131.000,00	0,86	-7,29%
GOLL4	17,06	-1,54	-0,37	1,056	0,00%	0,522	-0,80	-3,00	-0,24	-7,73	-19,40	-35,18%	-67,40%	0,25	-22,42%	24,05%	88.099.400,00	-18.279.600.000,00	-0,65	-11,70%
OIBR3	1,06	-1,42	6,59	3,492	0,00%	0,093	0,31	-2,00	-0,25	-10,05	-26,02	-174,48%	-245,43%	1,97	-5,08%	-462,73%	73.270.500,00	1.061.810.000,00	29,52	-40,34%
BAHI11	3,25	-1,32	0,37	0,215	0,00%	0,096	-0,39	29,71	-0,16	33,14	4,86	0,72%	-16,47%	0,33	0,35%	-28,19%	246,58	142.631.000,00	0,32	78,05%
AVLL3	29,99	-1,31	4,97	2,326	0,00%	0,341	7,67	-6,83	-0,62	-14,63	-16,64	-34,06%	-135,86%	1,13	-5,78%	-378,12%	89.761,50	135.329.000,00	6,94	0,00%
HOOT4	2,83	-1,12	-0,11	1,567	0,00%	0,110	-0,08	-1,77	-0,06	-1,68	-2,67	-88,51%	-139,95%	0,04	-6,40%	9,95%	18.028,10	-466.395.000,00	-0,00	-28,36%
PLAS3	9,88	-1,08	-0,43	0,210	0,00%	0,206	-0,54	-2,69	-0,17	-6,61	16,80	-7,79%	-19,48%	0,44	-8,57%	39,85%	6.250,37	-286.400.000,00	-0,67	9,36%
COGN3	2,49	-1,02	0,37	1,088	0,00%	0,162	1,70	-21,48	-0,64	-49,29	19,24	-5,07%	-107,15%	1,54	-0,87%	-36,08%	77.790.400,00	12.679.000.000,00	0,73	-5,62%
GSHP3	29,82	-0,91	-0,09	0,478	0,00%	0,033	1,06	1,43	-0,03	40,23	37,57	33,35%	-52,82%	1,16	2,80%	9,79%	14.614,90	-649.166.000,00	-2,88	-21,01%
RPMG3	2,79	-0,77	-0,06	0,107	0,00%	0,047	-0,06	-0,64	-0,05	-0,63	-0,64	-16,91%	-13,98%	0,56	-7,51%	7,40%	105.287,00	-3.322.860.000,00	0,00	26,14%
PMAM3	8,04	-0,76	-0,45	0,068	0,00%	0,104	-0,13	-4,71	-0,12	-46,05	48,03	-1,44%	-9,00%	0,34	-2,49%	58,95%	2.931.230,00	-783.935.000,00	-4,08	7,81%
INEP3	1,53	-0,75	-0,10	31,699	0,00%	0,179	-0,12	-0,97	-0,07	-4,10	-4,36	-3.251,52%	-4.853,00%	0,05	-19,32%	13,86%	1.391.520,00	-2.561.840.000,00	-0,33	-36,42%
JFEN3	1,24	-0,73	-0,27	-12,290	0,00%	0,105	-0,95	-1,28	-0,17	-6,88	-6,98	958,81%	1.698,50%	0,88	-8,78%	36,81%	1.065.890,00	-483.667.000,00	-1,22	-18,79%
INEP4	1,49	-0,73	-0,10	30,870	0,00%	0,175	-0,12	-0,95	-0,07	-4,07	-4,33	-3.251,52%	-4.853,00%	0,05	-19,32%	13,86%	1.285.750,00	-2.561.840.000,00	-0,33	-36,42%
ATMP3	2,78	-0,73	0,39	0,071	0,00%	0,044	-0,16	-4,70	-0,06	-22,48	2,63	-1,50%	-9,72%	0,44	-1,08%	-53,16%	158.704,00	192.398.000,00	1,66	-15,23%
BBRK3	1,11	-0,69	2,10	0,628	0,00%	0,511	-2,20	-6,30	-0,99	-4,85	-17,08	-9,97%	-93,40%	0,50	-9,62%	-302,67%	1.709.720,00	41.469.000,00	0,00	10,30%
MTIG4	35,44	-0,54	-0,23	0,115	0,00%	0,100	-0,25	-0,59	-0,11	-5,74	-7,74	-19,45%	-21,37%	0,58	-20,26%	42,43%	3.411,02	-37.389.400,00	-2,00	-13,21%
IGBR3	38,47	-0,52	-0,05	9,645	0,00%	0,372	-0,12	-0,51	-0,04	-6,02	-6,17	-1.890,19%	-1.844,22%	0,03	-79,97%	8,96%	742.948,00	-1.026.000.000,00	-0,51	-4,15%
BDLL3	11,50	-0,48	-0,10	1,683	0,00%	0,028	-0,07	-0,61	-0,03	-8,71	-10,58	-275,76%	-350,37%	0,50	-5,36%	20,50%	4.343,28	-186.846.000,00	-1,31	-47,59%
BDLL4	9,91	-0,41	-0,08	1,451	0,00%	0,024	-0,06	-0,53	-0,03	-8,63	-10,48	-275,76%	-350,37%	0,50	-5,36%	20,50%	5.966,86	-186.846.000,00	-1,31	-47,59%
SNSY5	4,59	-0,34	-0,02	0,049	0,00%	0,077	-0,58	-4,40	-0,02	-20,28	17,35	-1,12%	-14,88%	0,82	-2,08%	7,35%	19.353,00	-1.437.030.000,00	-0,09	15,24%
PDGR3	1,58	-0,22	-0,02	0,222	0,00%	0,063	-0,03	-1,89	-0,02	-23,99	-24,88	-11,70%	-98,48%	0,29	-4,57%	7,38%	1.492.590,00	-5.499.090.000,00	-0,21	-6,37%
SLED3	13,28	-0,12	-0,04	0,228	0,00%	0,085	-0,30	-0,47	-0,03	-5,99	-10,47	-48,25%	-197,16%	0,54	-26,49%	37,60%	125.371,00	-553.939.000,00	-0,51	-51,11%
TEKA3	26,10	-0,11	-0,01	0,061	0,00%	0,013	-0,01	64,67	-0,00	2.879,80	129,57	0,09%	-56,45%	0,04	0,03%	6,79%	121,40	-1.777.870.000,00	-0,32	8,97%
LLIS3	1,80	-0,07	0,93	0,157	0,00%	0,058	1,83	-0,66	-0,08	-9,37	-56,40	-23,71%	-61,91%	1,16	-9,73%	-1.386,10%	852.789,00	133.566.000,00	12,68	-14,78%
SLED4	6,86	-0,06	-0,02	0,118	0,00%	0,044	-0,16	-0,24	-0,02	-5,76	-10,07	-48,25%	-197,16%	0,54	-26,49%	37,60%	388.502,00	-553.939.000,00	-0,51	-51,11%
OSXB3	7,25	-0,06	-0,00	1,082	0,00%	0,010	-0,04	-0,28	-0,00	-57,30	-70,77	-387,68%	-1.816,52%	0,02	-3,83%	7,67%	106.854,00	-5.201.600.000,00	-0,90	24,51%
TEKA4	9,00	-0,04	-0,00	0,021	0,00%	0,004	-0,00	22,30	-0,00	2.837,43	127,66	0,09%	-56,45%	0,04	0,03%	6,79%	19.359,80	-1.777.870.000,00	-0,32	8,97%
HETA4	8,61	-0,03	-0,01	1,891	0,00%	0,380	-0,06	6,68	-0,01	500,72	500,72	28,29%	-7.526,18%	0,01	5,69%	31,35%	73.620,10	-557.401.000,00	-0,58	-5,46%
ARML3	20,83	0,00	6,50	0,000	0,00%	3,676	8,70	0,00	38,21	0,00	0,00	0,00%	0,00%	4,93	0,00%	0,00%	17.047.900,00	1.108.480.000,00	0,65	0,00%
BRBI11	17,80	0,00	2,42	0,000	0,00%	0,708	2,22	0,00	2,54	0,00	0,00	0,00%	0,00%	1,48	0,00%	0,00%	3.329.750,00	771.396.000,00	2,20	0,00%
BRIT3	4,49	0,00	1,50	0,000	0,00%	0,741	2,19	0,00	43,71	0,00	0,00	0,00%	0,00%	2,81	0,00%	0,00%	3.357.580,00	1.341.070.000,00	0,83	0,00%
CBAV3	17,40	0,00	2,70	0,000	0,00%	0,918	5,27	0,00	-3,49	0,00	0,00	0,00%	0,00%	1,85	0,00%	0,00%	33.305.200,00	3.843.160.000,00	0,80	0,00%
CLSA3	10,80	0,00	2,59	0,000	0,00%	2,017	2,60	0,00	2,93	0,00	0,00	0,00%	0,00%	6,94	0,00%	0,00%	18.540.700,00	785.018.000,00	0,15	0,00%
DESK3	17,36	0,00	1,74	0,000	0,00%	1,050	2,97	0,00	13,86	0,00	0,00	0,00%	0,00%	4,14	0,00%	0,00%	5.960.660,00	868.497.000,00	0,45	0,00%
DOTZ3	2,99	0,00	-7,61	0,000	0,00%	0,982	14,13	0,00	-3,53	0,00	0,00	0,00%	0,00%	1,09	0,00%	0,00%	333.566,00	-51.891.000,00	-0,51	0,00%
FIQE3	6,08	0,00	2,23	0,000	0,00%	1,374	3,37	0,00	7,58	0,00	0,00	0,00%	0,00%	3,57	0,00%	0,00%	3.192.520,00	984.998.000,00	0,29	0,00%
GETT3	1,63	0,00	0,90	0,000	0,00%	0,059	2,02	0,00	2,13	0,00	0,00	0,00%	0,00%	1,03	0,00%	0,00%	844.937,00	3.373.650.000,00	0,69	0,00%
GETT4	1,62	0,00	0,90	0,000	0,00%	0,058	2,00	0,00	2,12	0,00	0,00	0,00%	0,00%	1,03	0,00%	0,00%	816.704,00	3.373.650.000,00	0,69	0,00%
GGPS3	15,67	0,00	4,83	0,000	1,20%	1,883	7,24	0,00	-23,06	0,00	0,00	0,00%	0,00%	1,97	0,00%	0,00%	24.661.400,00	2.166.720.000,00	0,62	0,00%
IFCM3	15,40	0,00	4,65	0,000	0,00%	2,853	9,04	0,00	13,44	0,00	0,00	0,00%	0,00%	2,11	0,00%	0,00%	20.379.900,00	921.548.000,00	0,11	0,00%
KRSA3	4,00	0,00	2,48	0,000	0,00%	0,812	5,52	0,00	-2,24	0,00	0,00	0,00%	0,00%	1,92	0,00%	0,00%	832.250,00	1.234.890.000,00	1,29	0,00%
LVTC3	14,15	0,00	1,48	0,000	0,00%	0,594	2,33	0,00	25,05	0,00	0,00	0,00%	0,00%	1,69	0,00%	0,00%	3.237.580,00	616.160.000,00	0,00	0,00%
MATD3	14,87	0,00	3,71	0,000	0,00%	2,270	3,97	0,00	7,68	0,00	0,00	0,00%	0,00%	6,09	0,00%	0,00%	12.108.600,00	1.531.620.000,00	0,17	0,00%
MEGA3	11,05	0,00	61.340,10	0,000	0,00%	61.340,100	0,00	0,00	0,00	0,00	0,00	0,00%	0,00%	0,00	0,00%	0,00%	19.517.300,00	100.000,00	0,00	0,00%
MLAS3	6,86	0,00	1,44	0,000	0,00%	0,742	1,34	0,00	1,69	0,00	0,00	0,00%	0,00%	2,50	0,00%	0,00%	11.657.800,00	3.910.490.000,00	0,28	0,00%
MODL11	13,02	0,00	2,37	0,000	1,63%	0,000	0,00	0,00	0,00	0,00	0,00	0,00%	0,00%	0,00	0,00%	0,00%	12.526.300,00	1.291.440.000,00	0,00	0,00%
MODL3	5,60	0,00	3,05	0,000	1,26%	0,000	0,00	0,00	0,00	0,00	0,00	0,00%	0,00%	0,00	0,00%	0,00%	120.008,00	1.291.440.000,00	0,00	0,00%
MODL4	3,89	0,00	2,12	0,000	1,82%	0,000	0,00	0,00	0,00	0,00	0,00	0,00%	0,00%	0,00	0,00%	0,00%	163.597,00	1.291.440.000,00	0,00	0,00%
NINJ3	4,39	0,00	0,76	0,000	0,00%	0,692	0,77	0,00	0,77	0,00	0,00	0,00%	0,00%	11,61	0,00%	0,00%	3.362.710,00	291.485.000,00	0,00	0,00%
ONCO3	11,33	0,00	3,24	0,000	0,00%	1,129	3,66	0,00	-18,12	0,00	0,00	0,00%	0,00%	2,38	0,00%	0,00%	13.866.700,00	1.734.180.000,00	0,91	0,00%
PORT3	60,05	0,00	2,07	0,000	0,00%	0,824	36,64	0,00	-1,79	0,00	0,00	0,00%	0,00%	1,19	0,00%	0,00%	3.197.210,00	2.111.470.000,00	1,22	0,00%
RECV3	21,36	0,00	2,87	0,000	0,00%	1,602	7,43	0,00	-61,02	0,00	0,00	0,00%	0,00%	2,08	0,00%	0,00%	14.774.200,00	1.849.310.000,00	0,43	0,00%
TRAD3	5,49	0,00	2,43	0,000	0,00%	2,290	3,03	0,00	3,06	0,00	0,00	0,00%	0,00%	15,74	0,00%	0,00%	12.364.700,00	635.506.000,00	0,01	0,00%
TTEN3	9,87	0,00	2,36	0,000	0,00%	1,121	3,23	0,00	3,85	0,00	0,00	0,00%	0,00%	1,74	0,00%	0,00%	6.587.540,00	2.065.190.000,00	0,44	0,00%
VVEO3	17,57	0,00	2,31	0,000	0,00%	0,883	2,16	0,00	13,42	0,00	0,00	0,00%	0,00%	2,49	0,00%	0,00%	8.950.710,00	2.172.080.000,00	0,72	0,00%
MWET4	15,93	0,19	-0,68	0,144	0,00%	0,142	18,04	8,08	-0,18	21,54	10,61	1,78%	75,13%	1,02	1,99%	-356,36%	45.859,10	-48.018.000,00	-1,14	14,21%
MWET3	22,50	0,27	-0,96	0,203	0,00%	0,201	25,48	11,42	-0,25	24,87	12,25	1,78%	75,13%	1,02	1,99%	-356,36%	104,65	-48.018.000,00	-1,14	14,21%
MGEL4	13,89	0,38	-0,30	0,098	0,00%	0,135	0,37	0,81	-0,16	7,40	6,21	12,21%	25,79%	2,44	22,45%	-77,44%	21.061,30	-271.646.000,00	-2,75	14,84%
CEBR6	14,22	0,65	0,54	-1,196	146,69%	0,462	0,64	5,89	0,65	-2,70	-2,58	-20,31%	-189,71%	22,04	24,48%	83,39%	103.633,00	1.903.810.000,00	0,00	-25,98%
CEBR5	14,37	0,65	0,54	-1,209	131,97%	0,467	0,65	5,95	0,65	-2,64	-2,52	-20,31%	-189,71%	22,04	24,48%	83,39%	18.696,30	1.903.810.000,00	0,00	-25,98%
CEBR3	14,85	0,67	0,56	-1,249	127,70%	0,482	0,67	6,15	0,67	-2,44	-2,33	-20,31%	-189,71%	22,04	24,48%	83,39%	39.518,80	1.903.810.000,00	0,00	-25,98%
GPIV33	4,99	0,74	0,28	0,432	0,00%	0,133	0,52	0,46	1,15	-0,40	-0,40	93,68%	86,75%	6,79	40,09%	37,61%	338.706,00	1.965.900.000,00	0,06	55,19%
RSID3	8,40	0,86	-0,26	1,408	0,00%	0,100	-0,12	-13,47	-0,09	-66,77	-94,27	-10,45%	145,96%	0,29	-0,77%	-29,76%	581.676,00	-562.050.000,00	-1,05	-34,12%
TPIS3	1,96	1,19	0,37	0,328	2,10%	0,107	-0,99	-17,11	-0,17	-97,00	4,69	-1,92%	27,01%	0,38	-0,66%	31,19%	2.351.090,00	932.497.000,00	1,83	-9,60%
CTKA4	11,00	1,29	-0,46	0,137	0,00%	0,115	0,35	1,41	-0,21	11,84	9,40	9,73%	10,63%	1,92	9,92%	-36,01%	82.233,10	-147.222.000,00	-3,71	11,99%
HBTS5	42,00	1,67	0,73	1,412	0,39%	0,285	-4,31	2,40	-0,55	2,75	2,74	58,87%	84,57%	0,59	12,18%	43,93%	3.674,00	522.913.000,00	0,15	51,90%
LUPA3	5,78	1,74	1,26	2,061	0,00%	0,328	1,00	-11,14	-1,35	-19,23	-29,56	-18,50%	118,45%	2,96	-3,13%	72,63%	11.086.100,00	133.184.000,00	1,04	-8,92%
AZEV4	3,13	1,82	3,82	3,785	0,00%	1,001	2,43	-9,37	-4,56	-6,14	-6,35	-40,39%	207,59%	4,84	-17,16%	209,67%	1.874.410,00	44.584.000,00	0,00	-37,76%
BRAP3	25,77	1,86	0,70	0,000	37,64%	0,694	3,97	-367,37	3,97	-274,70	-274,70	0,00%	0,00%	65,33	-0,23%	37,43%	8.564.160,00	14.547.000.000,00	0,00	0,00%
BRKM6	33,69	1,88	2,10	0,279	1,80%	0,284	2,50	1,04	-0,67	1,78	1,55	26,76%	14,95%	1,33	37,26%	112,04%	2.448,16	12.764.200.000,00	2,66	14,16%
BAZA3	38,50	2,02	0,40	0,000	6,74%	0,000	0,00	0,00	0,00	0,00	0,00	0,00%	0,00%	0,00	0,00%	19,80%	39.589,50	2.857.610.000,00	0,00	-1,70%
BRAP4	28,75	2,08	0,78	0,000	37,11%	0,775	4,43	-409,85	4,43	-317,19	-317,19	0,00%	0,00%	65,33	-0,23%	37,43%	207.984.000,00	14.547.000.000,00	0,00	0,00%
AZEV3	3,79	2,21	4,63	4,583	0,00%	1,212	2,95	-11,35	-5,52	-8,12	-8,39	-40,39%	207,59%	4,84	-17,16%	209,67%	288.783,00	44.584.000,00	0,00	-37,76%
RNEW4	2,39	2,26	-0,32	3,064	0,00%	0,099	0,73	-3,45	-0,11	-24,37	-25,84	-88,73%	135,64%	1,43	-3,27%	-13,99%	368.691,00	-828.222.000,00	-2,21	-50,33%
USIM3	15,00	2,29	0,93	0,603	8,64%	0,483	1,33	1,91	3,78	1,79	1,62	31,57%	30,44%	3,08	33,99%	40,77%	9.793.070,00	20.164.300.000,00	0,30	27,09%
MNDL3	36,72	2,33	-0,79	0,137	0,00%	0,075	-0,15	1,11	-0,10	4,32	3,70	12,31%	5,87%	0,40	7,19%	-33,94%	62.823,80	-115.403.000,00	-2,33	9,89%
RNEW11	7,55	2,38	-0,33	3,226	0,00%	0,104	0,77	-3,64	-0,12	-24,55	-26,04	-88,73%	135,64%	1,43	-3,27%	-13,99%	53.119,30	-828.222.000,00	-2,21	-50,33%
CSNA3	26,63	2,45	1,83	0,780	7,93%	0,486	3,24	1,88	-1,93	2,45	2,16	41,47%	34,71%	1,51	38,45%	74,69%	290.332.000,00	20.194.800.000,00	1,47	23,56%
USIM5	16,32	2,49	1,01	0,656	8,74%	0,525	1,45	2,08	4,11	1,96	1,78	31,57%	30,44%	3,08	33,99%	40,77%	294.355.000,00	20.164.300.000,00	0,30	27,09%
HAGA4	2,21	2,62	-0,40	0,583	0,00%	0,416	1,16	5,73	-0,34	5,11	3,75	10,18%	22,26%	1,76	17,79%	-15,13%	224.151,00	-66.331.300,00	-0,49	13,98%
CLSC3	61,80	2,63	0,97	0,173	6,96%	0,196	16,45	2,15	-0,40	3,13	2,58	8,03%	6,58%	1,04	11,21%	36,91%	21.827,60	2.459.540.000,00	0,74	15,50%
EUCA4	9,13	2,63	0,47	0,373	5,16%	0,269	1,97	2,04	-6,13	2,95	2,14	18,29%	14,89%	1,54	14,81%	18,00%	462.571,00	1.783.070.000,00	0,27	17,50%
RNEW3	2,79	2,64	-0,37	3,577	0,00%	0,115	0,86	-4,03	-0,13	-24,95	-26,46	-88,73%	135,64%	1,43	-3,27%	-13,99%	175.139,00	-828.222.000,00	-2,21	-50,33%
USIM6	17,93	2,73	1,11	0,721	7,95%	0,577	1,59	2,28	4,51	2,16	1,96	31,57%	30,44%	3,08	33,99%	40,77%	215,72	20.164.300.000,00	0,30	27,09%
CLSC4	64,60	2,75	1,01	0,181	7,32%	0,205	17,20	2,25	-0,42	3,23	2,66	8,03%	6,58%	1,04	11,21%	36,91%	635.287,00	2.459.540.000,00	0,74	15,50%
GOAU3	10,39	2,76	0,75	0,160	22,33%	0,147	0,47	0,69	3,82	1,13	0,98	23,18%	17,71%	2,80	27,30%	27,27%	816.090,00	15.012.200.000,00	1,14	13,10%
BRKM3	50,78	2,83	3,17	0,421	14,85%	0,429	3,76	1,57	-1,01	2,31	2,01	26,76%	14,95%	1,33	37,26%	112,04%	2.607.430,00	12.764.200.000,00	2,66	14,16%
FHER3	15,09	2,86	8,98	0,236	0,00%	0,333	1,48	1,64	-1,03	2,64	2,50	14,40%	8,25%	1,54	23,32%	314,38%	23.152.100,00	90.470.000,00	5,60	-13,97%
MRFG3	20,32	2,89	2,89	0,176	14,28%	0,298	1,57	1,28	-0,94	2,59	2,28	13,76%	8,47%	1,54	38,60%	99,93%	135.046.000,00	4.866.930.000,00	6,16	47,35%
BRKM5	54,09	3,02	3,38	0,448	13,94%	0,457	4,01	1,68	-1,07	2,41	2,10	26,76%	14,95%	1,33	37,26%	112,04%	210.020.000,00	12.764.200.000,00	2,66	14,16%
PEAB3	64,95	3,07	1,02	33,115	17,39%	0,911	1,70	-38,68	2,04	-17,78	-22,40	-85,62%	1.079,51%	40,28	-4,89%	33,18%	2.637,60	819.966.000,00	0,03	-48,79%
GGBR3	23,30	3,08	0,98	0,569	13,18%	0,532	1,80	2,45	28,76	2,99	2,59	23,20%	18,54%	2,70	27,37%	31,63%	1.177.640,00	41.083.000.000,00	0,42	13,10%
ETER3	17,09	3,13	1,95	0,993	1,41%	1,081	2,03	3,57	3,89	2,82	2,67	27,82%	31,72%	3,81	43,99%	62,32%	40.225.100,00	540.970.000,00	0,07	9,39%
GOAU4	11,80	3,13	0,85	0,182	19,66%	0,167	0,54	0,79	4,34	1,22	1,06	23,18%	17,71%	2,80	27,30%	27,27%	81.830.500,00	15.012.200.000,00	1,14	13,10%
CPLE3	6,50	3,14	0,82	0,778	18,32%	0,357	8,12	4,56	-1,12	5,99	4,73	17,07%	25,25%	1,22	9,27%	26,26%	6.145.960,00	21.564.100.000,00	0,49	12,70%
PETR4	32,63	3,15	1,15	1,082	17,32%	0,437	15,38	2,46	-0,98	3,97	2,89	43,99%	34,56%	1,20	19,61%	36,59%	1.951.930.000,00	369.077.000.000,00	0,88	4,96%
TKNO4	63,61	3,19	0,78	0,645	5,62%	0,544	1,49	4,03	1,66	4,23	3,85	15,99%	20,22%	2,37	16,14%	24,46%	2.202,65	240.202.000,00	0,14	22,88%
BOBR4	1,55	3,19	-3,52	0,365	0,00%	0,457	-1,59	13,55	-0,62	23,17	13,16	2,69%	11,43%	0,58	4,65%	-110,11%	73.312,70	-114.831.000,00	-2,75	0,61%
CTKA3	27,50	3,22	-1,16	0,342	0,00%	0,286	0,86	3,52	-0,52	13,95	11,08	9,73%	10,63%	1,92	9,92%	-36,01%	460,35	-147.222.000,00	-3,71	11,99%
DOHL4	5,84	3,25	0,63	0,644	3,50%	0,478	1,14	4,58	1,61	4,55	3,96	14,04%	19,80%	4,53	11,35%	19,35%	28.220,40	702.237.000,00	0,07	8,84%
CPLE11	35,46	3,43	0,90	0,849	0,00%	0,389	8,86	4,97	-1,22	6,41	5,06	17,07%	25,25%	1,22	9,27%	26,26%	13.751.800,00	21.564.100.000,00	0,49	12,70%
PETR3	35,91	3,47	1,27	1,191	15,74%	0,481	16,93	2,71	-1,08	4,22	3,08	43,99%	34,56%	1,20	19,61%	36,59%	659.431.000,00	369.077.000.000,00	0,88	4,96%
CPLE6	7,23	3,49	0,92	0,865	18,11%	0,397	9,03	5,07	-1,24	6,50	5,13	17,07%	25,25%	1,22	9,27%	26,26%	77.535.400,00	21.564.100.000,00	0,49	12,70%
PEAB4	75,00	3,54	1,18	38,240	16,57%	1,052	1,96	-44,66	2,36	-23,76	-29,94	-85,62%	1.079,51%	40,28	-4,89%	33,18%	3.695,88	819.966.000,00	0,03	-48,79%
PCAR3	21,51	3,59	0,44	0,223	10,08%	0,119	-165,57	2,14	-0,32	4,11	2,48	10,42%	6,73%	1,00	7,39%	12,18%	52.233.400,00	13.255.000.000,00	0,74	6,76%
TASA4	21,56	3,60	4,23	1,027	0,00%	1,367	3,95	3,40	353,45	3,86	3,71	30,16%	28,53%	2,03	49,06%	117,57%	20.615.800,00	601.833.000,00	0,86	32,41%
CESP3	23,02	3,61	1,01	3,499	12,78%	0,519	26,10	6,37	-1,26	7,66	5,70	54,97%	96,93%	1,37	8,49%	27,90%	122.931,00	7.485.270.000,00	0,26	10,03%
TASA3	21,93	3,66	4,30	1,044	0,00%	1,390	4,02	3,46	359,51	3,92	3,77	30,16%	28,53%	2,03	49,06%	117,57%	854.176,00	601.833.000,00	0,86	32,41%
CESP6	23,38	3,67	1,02	3,554	9,28%	0,527	26,51	6,46	-1,28	7,76	5,77	54,97%	96,93%	1,37	8,49%	27,90%	45.525.800,00	7.485.270.000,00	0,26	10,03%
DMMO3	0,97	3,67	-0,72	3,119	0,00%	2,272	-4,11	9,13	-0,60	8,86	6,05	34,17%	84,95%	0,41	38,44%	-19,49%	9.374.690,00	-690.833.000,00	-0,00	-19,02%
RAPT4	11,62	3,70	1,51	0,463	5,90%	0,370	1,37	3,36	-5,38	5,24	4,43	13,78%	15,91%	1,79	15,76%	40,90%	32.176.400,00	2.531.010.000,00	1,58	27,88%
GGBR4	28,78	3,81	1,20	0,703	10,67%	0,657	2,22	3,03	35,53	3,56	3,09	23,20%	18,54%	2,70	27,37%	31,63%	275.214.000,00	41.083.000.000,00	0,42	13,10%
BGIP4	23,13	3,83	0,63	0,000	5,38%	0,000	0,00	0,00	0,00	0,00	0,00	0,00%	0,00%	0,00	0,00%	16,58%	5.381,47	556.943.000,00	0,00	2,38%
RAPT3	12,13	3,86	1,58	0,484	5,65%	0,386	1,43	3,51	-5,61	5,39	4,55	13,78%	15,91%	1,79	15,76%	40,90%	163.645,00	2.531.010.000,00	1,58	27,88%
DEXP4	8,20	3,91	1,69	0,516	0,00%	0,648	2,56	4,32	179,28	5,17	4,52	11,93%	15,56%	1,88	17,46%	43,15%	52.932,80	456.531.000,00	0,46	31,29%
ALLD3	14,40	3,95	0,88	0,234	5,23%	0,323	1,40	3,66	3,52	3,50	2,96	6,40%	5,93%	1,47	19,42%	22,32%	2.528.820,00	1.523.640.000,00	0,27	0,00%
CGRA4	38,25	3,99	0,96	1,267	3,59%	0,721	2,08	6,73	2,82	5,99	5,27	18,82%	31,72%	3,17	12,96%	24,08%	338.929,00	768.149.000,00	0,00	7,31%
CGRA3	38,99	4,07	0,98	1,291	3,52%	0,735	2,12	6,86	2,87	6,12	5,38	18,82%	31,72%	3,17	12,96%	24,08%	53.807,00	768.149.000,00	0,00	7,31%
EPAR3	14,52	4,08	3,00	0,246	0,00%	0,976	3,53	3,90	287,33	4,05	3,64	6,32%	6,03%	1,69	36,90%	73,44%	30.998,60	71.941.000,00	0,56	51,02%
CESP5	26,10	4,09	1,14	3,967	2,96%	0,588	29,60	7,22	-1,43	8,51	6,33	54,97%	96,93%	1,37	8,49%	27,90%	6.457,72	7.485.270.000,00	0,26	10,03%
EUCA3	14,29	4,12	0,74	0,584	3,00%	0,421	3,08	3,19	-9,60	4,10	2,97	18,29%	14,89%	1,54	14,81%	18,00%	122.006,00	1.783.070.000,00	0,27	17,50%
POSI3	9,00	4,16	1,08	0,406	3,79%	0,384	1,23	5,14	2,21	6,53	5,56	7,91%	9,89%	1,63	12,61%	25,86%	35.995.800,00	1.187.040.000,00	0,62	12,12%
CTSA4	1,27	4,16	0,44	0,233	0,00%	0,202	7,70	5,26	-1,47	12,36	8,46	4,44%	5,61%	1,07	4,57%	10,61%	132.395,00	320.486.000,00	0,66	8,24%
TRPL4	23,90	4,20	1,08	3,580	15,02%	0,559	7,26	3,63	-1,65	4,83	4,80	98,67%	85,60%	2,38	16,12%	25,80%	25.062.100,00	14.543.000.000,00	0,44	15,75%
CEPE5	25,00	4,32	0,99	0,218	9,91%	0,152	-4,00	1,74	-0,27	6,76	5,15	12,56%	5,06%	0,88	9,93%	22,87%	3.431,14	1.890.000.000,00	3,02	-2,64%
PATI4	60,00	4,33	1,63	0,566	3,02%	0,722	1,29	3,57	2,33	4,22	4,12	15,86%	13,05%	2,81	31,70%	37,71%	1.350,77	878.602.000,00	0,74	29,02%
JHSF3	5,95	4,44	0,92	2,128	6,63%	0,508	2,74	3,64	-3,29	4,61	4,41	58,52%	47,73%	2,87	15,87%	20,69%	27.326.500,00	4.443.130.000,00	0,43	52,11%
CEDO4	5,35	4,48	0,39	0,059	0,00%	0,069	-1,12	0,90	-0,22	4,12	3,14	6,51%	0,97%	0,89	9,51%	8,60%	44.085,80	138.726.000,00	1,52	7,29%
BRSR6	10,25	4,49	0,48	0,000	9,31%	0,000	0,00	0,00	0,00	0,00	0,00	0,00%	0,00%	0,00	0,00%	10,67%	24.958.900,00	8.747.130.000,00	0,00	8,84%
JBSS3	34,24	4,51	1,75	0,247	9,32%	0,415	2,95	3,03	-1,22	5,26	3,98	8,14%	5,47%	1,53	18,61%	38,74%	334.752.000,00	46.554.500.000,00	1,81	19,36%
CEPE6	26,11	4,51	1,03	0,228	10,44%	0,159	-4,18	1,82	-0,28	6,83	5,21	12,56%	5,06%	0,88	9,93%	22,87%	3.114,72	1.890.000.000,00	3,02	-2,64%
NEOE3	16,04	4,54	0,82	0,467	2,73%	0,240	-12,25	2,40	-0,50	6,06	4,91	19,45%	10,63%	0,92	11,44%	17,96%	28.102.300,00	23.854.000.000,00	1,43	19,75%
DEXP3	9,64	4,60	1,99	0,607	2,91%	0,762	3,01	5,08	210,76	5,93	5,18	11,93%	15,56%	1,88	17,46%	43,15%	4.223.100,00	456.531.000,00	0,46	31,29%
BNBR3	70,00	4,71	0,85	0,000	6,83%	0,000	0,00	0,00	0,00	0,00	0,00	0,00%	0,00%	0,00	0,00%	18,00%	5.729,51	7.127.650.000,00	0,00	18,39%
VALE3	87,98	4,72	2,49	1,493	17,13%	0,956	21,21	2,48	-2,53	2,56	2,35	60,25%	31,39%	1,24	46,56%	52,78%	1.913.120.000,00	181.296.000.000,00	0,41	27,44%
PLPL3	3,78	4,91	2,35	0,619	5,18%	0,654	0,84	2,23	3,29	2,51	2,41	27,77%	12,59%	6,40	39,05%	47,90%	2.697.120,00	328.039.000,00	0,98	0,00%
TAEE4	12,53	4,94	1,87	3,296	11,98%	0,804	10,10	4,35	-1,94	6,38	6,34	75,72%	66,67%	2,04	19,80%	37,82%	2.115.160,00	6.925.830.000,00	1,01	40,27%
TAEE11	37,65	4,95	1,87	3,301	11,96%	0,805	10,11	4,36	-1,95	6,39	6,35	75,72%	66,67%	2,04	19,80%	37,82%	79.750.300,00	6.925.830.000,00	1,01	40,27%
TAEE3	12,57	4,96	1,88	3,306	11,94%	0,807	10,13	4,37	-1,95	6,39	6,35	75,72%	66,67%	2,04	19,80%	37,82%	969.376,00	6.925.830.000,00	1,01	40,27%
PATI3	69,00	4,98	1,88	0,650	2,62%	0,830	1,49	4,10	2,68	4,76	4,64	15,86%	13,05%	2,81	31,70%	37,71%	1.267,70	878.602.000,00	0,74	29,02%
SAPR3	3,81	5,06	0,76	1,138	5,31%	0,402	7,70	2,77	-1,24	4,21	3,55	41,08%	22,48%	1,55	15,99%	15,00%	1.826.670,00	7.577.640.000,00	0,54	7,99%
BRSR3	11,70	5,13	0,55	0,000	8,15%	0,000	0,00	0,00	0,00	0,00	0,00	0,00%	0,00%	0,00	0,00%	10,67%	63.862,80	8.747.130.000,00	0,00	8,84%
CEEB3	33,70	5,17	1,39	0,625	18,09%	0,377	-14,18	3,18	-0,72	6,58	5,33	19,69%	12,09%	0,89	12,94%	26,85%	63.483,70	6.361.000.000,00	1,55	16,06%
HBOR3	4,11	5,19	0,41	0,548	1,15%	0,129	0,30	7,72	1,16	20,13	16,26	7,10%	16,88%	2,76	1,86%	7,92%	4.576.810,00	1.338.550.000,00	0,93	25,27%
ALUP3	8,36	5,23	1,11	1,129	3,35%	0,300	4,23	1,59	-0,70	3,31	3,21	71,09%	42,99%	1,85	20,31%	21,29%	90.405,20	6.603.890.000,00	1,43	50,09%
CSRN3	15,15	5,23	1,72	0,725	13,50%	0,497	-90,94	3,94	-1,06	6,41	5,38	18,42%	13,87%	0,98	14,49%	32,82%	9.447,35	1.483.000.000,00	1,23	14,29%
CMIG4	12,81	5,26	1,07	0,703	9,18%	0,408	7,85	4,24	-1,11	5,84	4,87	16,58%	13,36%	1,26	10,98%	20,34%	95.561.500,00	20.262.200.000,00	0,56	9,89%
CSRN5	15,25	5,27	1,73	0,730	14,75%	0,500	-91,54	3,96	-1,06	6,43	5,40	18,42%	13,87%	0,98	14,49%	32,82%	358,93	1.483.000.000,00	1,23	14,29%
ALUP11	25,27	5,27	1,12	1,137	3,32%	0,302	4,26	1,60	-0,71	3,32	3,22	71,09%	42,99%	1,85	20,31%	21,29%	18.676.500,00	6.603.890.000,00	1,43	50,09%
MNPR3	6,40	5,28	-0,13	0,149	0,00%	0,177	-0,12	1,05	-0,09	1,06	0,91	14,21%	2,83%	0,23	17,69%	-2,39%	57.815,50	-360.965.000,00	-0,00	11,54%
ENAT3	15,73	5,28	1,21	3,203	1,23%	0,721	2,04	11,43	7,55	7,31	2,62	28,03%	60,67%	3,47	11,35%	22,84%	17.832.200,00	3.467.240.000,00	0,26	30,68%
EALT4	6,93	5,28	0,80	0,461	18,22%	0,324	4,31	4,53	-2,26	7,20	5,36	10,17%	8,72%	1,20	8,05%	15,17%	290.528,00	194.506.000,00	0,61	19,01%
SAPR11	19,92	5,30	0,79	1,190	5,48%	0,420	8,05	2,90	-1,30	4,34	3,66	41,08%	22,48%	1,55	15,99%	15,00%	30.098.900,00	7.577.640.000,00	0,54	7,99%
LIGT3	10,80	5,30	0,46	0,266	4,08%	0,148	0,92	2,15	-0,41	6,00	4,46	12,36%	5,02%	2,05	8,53%	8,68%	26.433.300,00	8.749.760.000,00	1,22	7,58%
SAPR4	3,99	5,30	0,80	1,192	5,57%	0,421	8,07	2,90	-1,30	4,34	3,66	41,08%	22,48%	1,55	15,99%	15,00%	13.819.800,00	7.577.640.000,00	0,54	7,99%
ALUP4	8,49	5,31	1,13	1,146	3,30%	0,305	4,30	1,61	-0,71	3,33	3,24	71,09%	42,99%	1,85	20,31%	21,29%	109.418,00	6.603.890.000,00	1,43	50,09%
BBAS3	32,23	5,31	0,68	0,000	7,03%	0,000	0,00	0,00	0,00	0,00	0,00	0,00%	0,00%	0,00	0,00%	12,72%	401.954.000,00	136.731.000.000,00	0,00	2,19%
TRPL3	30,51	5,36	1,38	4,571	11,76%	0,713	9,27	4,63	-2,11	5,83	5,80	98,67%	85,60%	2,38	16,12%	25,80%	80.569,80	14.543.000.000,00	0,44	15,75%
ESPA3	6,03	5,36	2,13	1,954	2,36%	0,672	8,58	7,01	-2,53	9,95	7,48	27,88%	37,36%	1,23	11,08%	39,75%	23.354.100,00	691.061.000,00	1,29	0,00%
BGIP3	33,12	5,48	0,91	0,000	3,42%	0,000	0,00	0,00	0,00	0,00	0,00	0,00%	0,00%	0,00	0,00%	16,58%	792,07	556.943.000,00	0,00	2,38%
ENGI4	7,36	5,48	1,53	0,521	10,73%	0,258	4,37	2,97	-0,48	6,65	5,21	17,58%	10,46%	1,28	10,12%	27,84%	261.247,00	8.748.260.000,00	2,40	16,79%
LAVV3	5,49	5,53	0,84	1,683	12,77%	0,588	1,11	5,51	1,38	2,62	2,62	30,57%	34,75%	4,42	16,24%	15,17%	4.564.300,00	1.362.660.000,00	0,04	0,00%
ROMI3	15,40	5,54	1,17	0,816	5,04%	0,578	1,92	5,45	6,46	7,42	6,16	14,98%	14,76%	2,02	12,56%	21,15%	15.816.500,00	963.288.000,00	0,60	18,66%
CSRN6	16,10	5,56	1,82	0,771	13,98%	0,528	-96,64	4,19	-1,12	6,66	5,58	18,42%	13,87%	0,98	14,49%	32,82%	273,88	1.483.000.000,00	1,23	14,29%
UNIP3	94,99	5,66	3,54	1,654	14,78%	1,477	5,91	4,88	-12,58	4,63	4,16	33,88%	29,60%	2,19	42,37%	62,57%	3.936.900,00	2.534.710.000,00	0,38	17,73%
POMO3	2,61	5,66	0,87	0,716	4,10%	0,382	1,45	102,69	-9,85	151,24	28,94	0,70%	12,44%	2,05	0,49%	15,36%	844.891,00	2.843.210.000,00	0,83	3,75%
CMIN3	7,12	5,68	2,80	1,874	6,57%	1,404	5,55	3,48	93,84	2,84	2,55	53,82%	33,00%	1,97	77,14%	49,22%	62.464.700,00	14.239.600.000,00	0,33	0,00%
VBBR3	22,64	5,71	2,34	0,229	8,95%	0,892	2,90	8,38	-8,59	11,17	9,49	2,73%	4,01%	2,49	12,83%	40,93%	175.187.000,00	11.287.000.000,00	0,96	3,95%
UNIP5	96,65	5,75	3,60	1,683	15,98%	1,502	6,01	4,97	-12,80	4,71	4,24	33,88%	29,60%	2,19	42,37%	62,57%	109.921,00	2.534.710.000,00	0,38	17,73%
ENBR3	20,91	5,93	1,11	0,654	7,58%	0,362	17,87	3,21	-1,01	5,34	4,51	20,37%	12,44%	1,08	12,76%	18,65%	68.491.600,00	10.996.900.000,00	0,90	10,71%
UNIP6	99,70	5,94	3,71	1,736	15,49%	1,550	6,20	5,12	-13,20	4,87	4,38	33,88%	29,60%	2,19	42,37%	62,57%	35.342.300,00	2.534.710.000,00	0,38	17,73%
CEDO3	7,10	5,95	0,51	0,078	0,00%	0,091	-1,49	1,20	-0,29	4,42	3,37	6,51%	0,97%	0,89	9,51%	8,60%	6.118,88	138.726.000,00	1,52	7,29%
BMEB4	10,80	5,95	1,02	0,000	6,01%	0,000	0,00	0,00	0,00	0,00	0,00	0,00%	0,00%	0,00	0,00%	17,08%	197.122,00	1.112.840.000,00	0,00	16,65%
PTNT4	6,22	6,02	1,00	0,387	3,26%	0,380	1,89	4,35	49,85	5,52	3,84	8,90%	7,82%	1,60	12,64%	16,59%	104.813,00	299.139.000,00	0,77	9,91%
CRPG5	60,25	6,06	2,01	1,793	8,32%	1,463	2,94	7,74	4,22	6,78	6,13	23,18%	29,59%	5,15	24,33%	33,15%	911.878,00	870.219.000,00	0,00	12,56%
RANI3	6,16	6,18	1,66	1,067	5,75%	0,755	3,27	4,19	-4,92	4,91	3,98	25,47%	17,26%	2,45	23,62%	26,82%	7.474.000,00	954.241.000,00	0,67	12,51%
GEPA3	32,00	6,24	1,58	2,333	9,19%	0,783	-5,11	2,96	-1,83	4,07	3,70	78,92%	37,38%	0,34	31,30%	25,35%	1.204,19	1.909.890.000,00	0,65	-1,01%
PTBL3	8,31	6,25	3,28	0,681	12,41%	0,551	4,47	4,03	-1,52	5,64	4,55	16,89%	10,89%	1,36	18,48%	52,51%	8.685.200,00	373.390.000,00	2,20	14,03%
CTSA3	1,91	6,25	0,66	0,351	0,00%	0,305	11,59	7,91	-2,21	15,01	10,27	4,44%	5,61%	1,07	4,57%	10,61%	64.519,30	320.486.000,00	0,66	8,24%
GEPA4	32,20	6,28	1,59	2,347	9,13%	0,787	-5,14	2,97	-1,84	4,09	3,72	78,92%	37,38%	0,34	31,30%	25,35%	13.726,30	1.909.890.000,00	0,65	-1,01%
CRPG6	62,99	6,34	2,10	1,875	7,96%	1,530	3,07	8,09	4,41	7,14	6,45	23,18%	29,59%	5,15	24,33%	33,15%	19.050,90	870.219.000,00	0,00	12,56%
PFRM3	4,88	6,37	0,54	0,097	5,54%	0,157	0,66	2,60	6,26	4,51	2,99	3,76%	1,57%	1,60	8,95%	8,54%	603.569,00	1.111.030.000,00	0,57	10,84%
ENGI11	43,36	6,46	1,80	0,614	9,11%	0,304	5,15	3,49	-0,56	7,18	5,62	17,58%	10,46%	1,28	10,12%	27,84%	71.202.700,00	8.748.260.000,00	2,40	16,79%
CEAB3	5,99	6,50	0,65	0,366	0,00%	0,243	1,56	-12,00	-1,09	-14,63	3,77	-3,05%	5,64%	1,62	-2,76%	9,99%	15.484.500,00	2.841.200.000,00	0,48	24,05%
BMEB3	11,80	6,51	1,11	0,000	5,00%	0,000	0,00	0,00	0,00	0,00	0,00	0,00%	0,00%	0,00	0,00%	17,08%	29.843,00	1.112.840.000,00	0,00	16,65%
CIEL3	2,33	6,52	0,64	1,268	7,30%	0,064	1,17	7,68	-3,85	3,34	2,07	16,50%	19,44%	1,07	7,76%	9,81%	61.990.500,00	9.890.590.000,00	0,41	-22,91%
BMGB4	3,04	6,57	0,45	0,000	10,38%	0,000	0,00	0,00	0,00	0,00	0,00	0,00%	0,00%	0,00	0,00%	6,88%	3.381.880,00	3.922.500.000,00	0,00	2,84%
EQTL3	23,96	6,59	2,03	1,092	3,00%	0,436	3,23	4,71	-1,10	7,10	6,20	23,17%	19,33%	1,61	11,95%	30,77%	134.578.000,00	11.941.100.000,00	1,83	27,74%
CYRE3	15,98	6,67	1,03	1,410	6,80%	0,485	1,24	8,24	8,78	9,78	9,24	17,11%	22,92%	3,41	7,23%	15,46%	114.602.000,00	6.198.680.000,00	0,55	14,98%
POMO4	3,08	6,68	1,03	0,845	3,47%	0,450	1,71	121,18	-11,62	169,73	32,47	0,70%	12,44%	2,05	0,49%	15,36%	17.747.000,00	2.843.210.000,00	0,83	3,75%
BEES3	5,00	6,68	0,86	0,000	6,87%	0,000	0,00	0,00	0,00	0,00	0,00	0,00%	0,00%	0,00	0,00%	12,87%	77.601,60	1.837.760.000,00	0,00	5,53%
SUZB3	60,58	6,74	6,10	2,199	1,22%	0,727	3,98	5,92	-1,18	10,12	6,76	37,11%	32,62%	3,32	15,18%	90,48%	340.419.000,00	13.518.500.000,00	5,71	41,36%
EKTR4	26,90	6,85	1,80	0,638	11,93%	0,492	19,82	4,09	-1,23	6,93	5,66	15,60%	9,31%	1,08	14,59%	26,30%	13.573,20	2.895.000.000,00	1,57	11,65%
CSMG3	13,41	6,87	0,77	0,882	7,04%	0,401	6,54	4,02	-1,56	6,02	3,92	21,91%	12,83%	1,39	11,50%	11,15%	22.992.700,00	6.654.040.000,00	0,60	8,21%
MYPK3	14,05	6,89	0,53	0,169	7,16%	0,150	1,27	2,44	-0,71	7,65	4,60	6,95%	3,33%	1,32	7,74%	7,70%	20.542.200,00	4.074.170.000,00	1,38	10,96%
MTSA4	40,06	6,99	1,18	0,681	5,64%	0,803	1,64	5,16	1,72	5,08	4,53	13,19%	9,74%	2,67	19,64%	16,87%	181.846,00	310.469.000,00	0,18	21,18%
MDNE3	6,28	7,01	0,50	0,799	0,00%	0,217	1,01	6,42	-1,76	5,78	5,43	12,46%	11,88%	1,93	3,72%	7,16%	1.917.010,00	1.062.900.000,00	0,13	2,53%
ABCB4	16,14	7,04	0,80	0,000	5,68%	0,000	0,00	0,00	0,00	0,00	0,00	0,00%	0,00%	0,00	0,00%	11,37%	13.994.000,00	4.554.960.000,00	0,00	-18,69%
WIZS3	8,04	7,05	3,29	1,470	7,57%	1,054	3,87	3,34	-7,12	2,54	2,30	44,05%	22,63%	2,12	58,73%	46,65%	15.170.900,00	391.028.000,00	0,57	14,81%
TRIS3	6,08	7,13	0,91	1,325	3,97%	0,489	0,91	6,11	1,54	7,21	7,17	21,69%	20,46%	3,50	9,94%	12,82%	8.654.700,00	1.241.240.000,00	0,48	22,85%
DXCO3	13,77	7,25	1,74	1,341	11,32%	0,840	5,55	6,92	-5,56	8,05	5,48	19,38%	18,51%	1,70	15,42%	24,04%	48.697.500,00	6.013.800.000,00	0,52	16,35%
BPAC5	4,56	7,26	1,45	0,000	2,81%	0,000	0,00	0,00	0,00	0,00	0,00	0,00%	0,00%	0,00	0,00%	19,92%	145.110,00	36.259.400.000,00	0,00	33,79%
CMIG3	17,72	7,28	1,48	0,973	6,64%	0,565	10,86	5,87	-1,53	7,46	6,22	16,58%	13,36%	1,26	10,98%	20,34%	5.702.920,00	20.262.200.000,00	0,56	9,89%
LEVE3	30,69	7,33	2,29	1,141	3,01%	1,349	4,80	5,83	9,50	5,75	5,00	19,58%	15,59%	2,03	29,23%	31,22%	11.193.000,00	1.719.860.000,00	0,14	7,79%
CPFE3	28,30	7,38	2,21	0,868	13,08%	0,529	16,97	4,81	-1,05	6,97	5,75	18,04%	12,01%	1,14	13,04%	29,96%	66.146.000,00	14.756.100.000,00	1,33	8,76%
VULC3	8,66	7,41	1,67	1,247	4,04%	1,021	2,82	13,46	3,53	14,85	10,25	9,27%	16,83%	2,15	8,80%	22,53%	5.127.710,00	1.274.530.000,00	0,29	1,28%
EMAE4	50,00	7,44	2,29	3,715	3,72%	1,174	4,50	10,28	-8,02	8,64	8,37	36,14%	49,92%	4,29	14,19%	30,76%	540.258,00	807.010.000,00	0,00	28,11%
BBDC3	18,77	7,53	1,24	0,000	4,95%	0,000	0,00	0,00	0,00	0,00	0,00	0,00%	0,00%	0,00	0,00%	16,42%	119.645.000,00	147.606.000.000,00	0,00	24,08%
CRPG3	75,78	7,62	2,53	2,256	0,00%	1,840	3,69	9,73	5,31	8,78	7,94	23,18%	29,59%	5,15	24,33%	33,15%	176,23	870.219.000,00	0,00	12,56%
BEES4	5,71	7,63	0,98	0,000	6,02%	0,000	0,00	0,00	0,00	0,00	0,00	0,00%	0,00%	0,00	0,00%	12,87%	11.846,70	1.837.760.000,00	0,00	5,53%
SANB3	15,27	7,64	0,00	0,000	8,50%	0,000	0,00	0,00	0,00	0,00	0,00	0,00%	0,00%	0,00	0,00%	0,00%	1.446.280,00	0,00	0,00	6,83%
SHUL4	8,56	7,65	1,81	0,956	2,18%	0,719	1,65	10,51	9,95	13,02	9,97	9,10%	12,50%	2,82	10,05%	23,64%	1.946.280,00	845.771.000,00	1,03	21,15%
ITSA4	10,27	7,72	1,45	11,609	4,70%	1,120	31,98	67,53	-12,99	70,70	46,03	17,19%	162,03%	1,59	1,77%	18,76%	243.679.000,00	62.602.000.000,00	0,13	10,13%
ITSA3	10,32	7,76	1,46	11,665	4,68%	1,125	32,14	67,86	-13,06	71,03	46,24	17,19%	162,03%	1,59	1,77%	18,76%	1.577.050,00	62.602.000.000,00	0,13	10,13%
AGRO3	27,94	7,79	1,23	1,943	9,38%	0,801	2,33	5,85	4,11	5,04	3,65	33,22%	24,95%	2,72	23,34%	15,80%	16.580.700,00	2.324.940.000,00	0,34	49,03%
MOVI3	15,67	7,82	1,79	1,239	2,10%	0,288	0,80	4,47	-0,79	8,96	7,11	27,74%	15,85%	4,10	12,58%	22,86%	36.682.500,00	3.178.130.000,00	4,40	20,56%
BRSR5	18,00	7,89	0,84	0,000	6,65%	0,000	0,00	0,00	0,00	0,00	0,00	0,00%	0,00%	0,00	0,00%	10,67%	457,40	8.747.130.000,00	0,00	8,84%
EQMA3B	40,70	7,91	2,14	1,326	11,34%	0,875	7,35	5,67	-4,24	6,66	5,66	23,38%	16,76%	1,45	19,75%	27,07%	55.726,20	3.119.880.000,00	0,71	9,36%
CSAN3	23,31	7,99	3,08	1,977	2,70%	0,481	2,47	13,00	-1,16	22,34	14,76	15,21%	26,71%	2,92	4,65%	38,60%	138.098.000,00	14.162.100.000,00	3,32	28,74%
CAML3	9,08	7,99	1,17	0,392	2,72%	0,414	1,14	6,18	-33,87	9,58	8,90	6,34%	4,90%	2,35	10,39%	14,63%	17.778.000,00	2.872.440.000,00	1,31	24,88%
CRIV3	5,15	8,00	0,52	0,000	0,49%	0,000	0,00	0,00	0,00	0,00	0,00	0,00%	0,00%	0,00	0,00%	6,48%	5.417,93	1.023.020.000,00	0,00	-2,58%
CGAS5	122,50	8,00	7,64	1,539	10,94%	1,201	5,58	6,66	-2,81	8,67	7,40	23,09%	19,22%	2,07	25,25%	95,46%	1.020.600,00	2.124.610.000,00	3,39	17,70%
JSLG3	6,92	8,02	1,47	3,904	3,42%	0,318	2,14	21,38	-0,68	50,08	14,54	18,26%	49,01%	1,88	1,66%	18,36%	2.800.550,00	1.345.200.000,00	2,32	-41,06%
SANB11	32,29	8,07	0,00	0,000	8,44%	0,000	0,00	0,00	0,00	0,00	0,00	0,00%	0,00%	0,00	0,00%	0,00%	91.413.000,00	0,00	0,00	6,83%
ELET6	33,16	8,10	0,68	1,751	3,19%	0,269	2,80	-14,78	-0,73	-21,82	-46,60	-11,84%	21,84%	1,70	-2,13%	8,44%	86.766.800,00	76.128.500.000,00	0,64	-7,43%
MOAR3	410,00	8,12	3,80	-9.099,470	12,24%	2,443	12,12	-142,78	-39,70	-138,75	-142,08	6.373,01%	-112.119,00%	3,15	-2,34%	46,81%	1.263.800,00	1.322.230.000,00	0,31	176,34%
ELET3	33,69	8,23	0,69	1,778	2,85%	0,274	2,84	-15,02	-0,74	-22,06	-47,11	-11,84%	21,84%	1,70	-2,13%	8,44%	173.467.000,00	76.128.500.000,00	0,64	-7,43%
KLBN4	4,86	8,24	5,06	1,797	1,51%	0,669	3,15	6,24	-1,34	10,80	6,80	28,80%	23,38%	2,60	14,87%	61,39%	2.549.500,00	5.398.000.000,00	5,35	15,23%
LPSB3	3,15	8,36	2,12	2,094	0,00%	1,059	4,69	8,72	-10,59	6,29	4,71	24,02%	33,43%	2,25	17,77%	25,32%	3.840.110,00	219.415.000,00	0,00	18,22%
ITUB3	22,34	8,38	1,60	0,000	3,86%	0,000	0,00	0,00	0,00	0,00	0,00	0,00%	0,00%	0,00	0,00%	19,12%	20.508.400,00	136.812.000.000,00	0,00	-35,57%
SEER3	11,18	8,44	0,99	1,069	1,88%	0,453	5,68	7,54	-1,57	7,96	4,10	14,19%	12,67%	1,46	6,98%	11,68%	6.369.520,00	1.459.580.000,00	0,33	2,44%
CGAS3	130,00	8,49	8,11	1,633	9,37%	1,274	5,93	7,07	-2,98	9,08	7,74	23,09%	19,22%	2,07	25,25%	95,46%	73.884,60	2.124.610.000,00	3,39	17,70%
EALT3	11,18	8,52	1,29	0,744	10,27%	0,523	6,96	7,31	-3,65	9,98	7,44	10,17%	8,72%	1,20	8,05%	15,17%	2.007,19	194.506.000,00	0,61	19,01%
CURY3	7,72	8,54	3,70	1,415	7,32%	1,035	2,59	6,32	10,86	5,86	5,76	22,39%	17,46%	2,15	23,27%	43,37%	6.791.360,00	608.658.000,00	0,64	0,00%
SANB4	17,09	8,55	0,00	0,000	8,35%	0,000	0,00	0,00	0,00	0,00	0,00	0,00%	0,00%	0,00	0,00%	0,00%	1.922.870,00	0,00	0,00	6,83%
KLBN11	25,30	8,58	5,27	1,871	1,45%	0,696	3,28	6,50	-1,40	11,06	6,96	28,80%	23,38%	2,60	14,87%	61,39%	125.305.000,00	5.398.000.000,00	5,35	15,23%
EKTR3	33,73	8,58	2,26	0,800	8,65%	0,617	24,85	5,13	-1,54	7,97	6,51	15,60%	9,31%	1,08	14,59%	26,30%	394,61	2.895.000.000,00	1,57	11,65%
MRVE3	12,46	8,59	1,00	0,871	3,47%	0,306	1,16	7,96	-1,65	12,91	11,00	10,94%	11,35%	2,17	4,25%	11,69%	64.223.100,00	5.993.850.000,00	0,83	11,28%
WHRL3	6,33	8,73	3,79	0,839	9,27%	1,049	9,75	9,24	18,20	8,11	6,91	9,09%	9,63%	1,16	35,93%	43,37%	17.191,60	2.511.990.000,00	0,44	6,66%
EZTC3	19,14	8,74	0,99	4,163	2,22%	0,859	2,32	15,85	2,68	12,16	11,99	26,27%	49,63%	6,45	6,89%	11,33%	43.413.300,00	4.389.920.000,00	0,00	11,42%
PSSA3	19,18	8,74	1,37	0,606	6,81%	0,315	5,91	0,76	-2,61	0,24	0,24	79,63%	6,93%	1,09	52,77%	15,64%	40.806.400,00	9.069.150.000,00	0,00	4,66%
EEEL4	399,00	8,76	2,02	3,255	8,35%	0,868	3,30	9,72	-3,90	9,95	9,43	33,48%	36,13%	4,24	10,39%	23,06%	927,91	1.906.490.000,00	0,36	2,31%
RSUL4	74,04	8,79	6,41	1,462	0,00%	1,542	10,06	7,44	-4,99	7,45	6,79	19,65%	16,64%	1,51	23,78%	72,96%	252.712,00	67.340.000,00	0,23	22,89%
EEEL3	400,00	8,79	2,03	3,263	7,57%	0,870	3,30	9,74	-3,91	9,98	9,45	33,48%	36,13%	4,24	10,39%	23,06%	930,23	1.906.490.000,00	0,36	2,31%
CRIV4	5,66	8,79	0,57	0,000	7,93%	0,000	0,00	0,00	0,00	0,00	0,00	0,00%	0,00%	0,00	0,00%	6,48%	7.360,14	1.023.020.000,00	0,00	-2,58%
FRAS3	12,90	8,84	2,56	1,126	2,33%	0,904	3,40	8,34	-7,38	10,18	7,66	13,51%	12,72%	2,05	14,04%	28,94%	3.201.360,00	1.097.400.000,00	0,89	29,89%
COCE5	53,75	8,95	1,20	0,572	6,73%	0,386	-1.630,25	6,79	-0,98	11,68	7,50	8,42%	6,39%	1,00	6,81%	13,42%	474.809,00	3.486.140.000,00	0,96	11,75%
LOGG3	27,84	8,99	0,86	19,339	1,17%	0,551	5,03	26,07	-3,63	35,03	34,78	74,18%	225,83%	2,20	2,29%	9,55%	19.085.100,00	3.314.120.000,00	0,40	11,83%
TGMA3	14,77	9,07	1,46	0,960	5,32%	0,961	3,53	7,93	7,55	7,78	6,60	12,11%	10,55%	2,39	16,29%	16,07%	5.214.120,00	668.634.000,00	0,30	-1,19%
BRIV4	7,90	9,18	0,45	0,000	7,59%	0,000	0,00	0,00	0,00	0,00	0,00	0,00%	0,00%	0,00	0,00%	4,86%	15.033,40	1.568.880.000,00	0,00	36,93%
BBDC4	22,93	9,19	1,51	0,000	4,46%	0,000	0,00	0,00	0,00	0,00	0,00	0,00%	0,00%	0,00	0,00%	16,42%	887.684.000,00	147.606.000.000,00	0,00	24,08%
ATOM3	3,38	9,22	3,95	2,328	8,88%	2,598	2,71	10,95	4,08	8,55	8,46	21,26%	25,25%	46,94	55,90%	42,88%	175.572,00	17.865.000,00	0,00	106,55%
REDE3	6,56	9,29	3,73	0,946	14,90%	0,575	7,60	4,51	-1,17	6,99	5,77	21,00%	13,89%	1,35	14,70%	40,20%	7.871,14	3.706.950.000,00	2,48	11,65%
BRIV3	8,02	9,32	0,45	0,000	0,18%	0,000	0,00	0,00	0,00	0,00	0,00	0,00%	0,00%	0,00	0,00%	4,86%	6.281,09	1.568.880.000,00	0,00	36,93%
SLCE3	47,38	9,44	2,80	1,795	2,01%	0,785	8,35	6,19	-2,70	7,57	7,00	28,98%	20,19%	1,30	14,81%	29,65%	55.625.700,00	3.595.110.000,00	0,83	24,97%
FESA4	47,85	9,52	1,93	1,946	1,89%	1,352	4,85	6,70	13,71	6,61	5,30	29,04%	20,44%	3,33	24,62%	20,30%	23.657.600,00	2.185.840.000,00	0,19	14,68%
WHRL4	6,91	9,53	4,13	0,916	9,35%	1,145	10,65	10,09	19,87	8,96	7,63	9,09%	9,63%	1,16	35,93%	43,37%	90.649,50	2.511.990.000,00	0,44	6,66%
SBSP3	35,87	9,54	1,00	1,270	1,11%	0,462	26,55	5,43	-1,14	8,48	5,71	23,38%	13,31%	1,15	9,28%	10,49%	89.176.300,00	24.505.800.000,00	0,73	7,50%
ITUB4	25,46	9,54	1,82	0,000	3,39%	0,000	0,00	0,00	0,00	0,00	0,00	0,00%	0,00%	0,00	0,00%	19,12%	771.071.000,00	136.812.000.000,00	0,00	-35,57%
BEEF3	9,04	9,76	11,36	0,218	10,80%	0,269	0,79	2,84	-1,01	5,84	5,01	7,69%	2,24%	1,92	21,95%	116,49%	66.386.400,00	483.053.000,00	28,66	20,77%
UCAS3	3,82	9,78	1,53	1,237	5,59%	0,931	4,68	9,01	7,49	6,97	5,24	13,73%	12,65%	1,63	14,76%	15,62%	179.316,00	165.283.000,00	0,10	4,17%
CARD3	13,53	9,78	1,77	1,124	3,59%	1,014	26,62	6,83	-8,81	7,02	4,07	16,46%	11,50%	1,14	19,32%	18,07%	3.444.660,00	320.074.000,00	0,35	1,47%
COCE3	58,92	9,81	1,32	0,627	6,14%	0,423	-1.787,06	7,44	-1,07	12,33	7,92	8,42%	6,39%	1,00	6,81%	13,42%	530,02	3.486.140.000,00	0,96	11,75%
ASAI3	12,90	9,82	7,23	0,684	0,85%	0,836	-60,74	8,03	-1,83	10,47	10,31	8,52%	7,12%	0,97	17,20%	73,65%	132.689.000,00	2.402.000.000,00	3,40	0,00%
TEND3	14,13	9,89	1,00	0,544	1,26%	0,322	0,87	4,45	-4,81	5,35	4,84	12,24%	5,38%	2,56	9,62%	10,06%	17.096.700,00	1.480.680.000,00	0,90	19,58%
FESA3	50,00	9,95	2,02	2,034	1,65%	1,412	5,07	7,00	14,32	6,91	5,54	29,04%	20,44%	3,33	24,62%	20,30%	19.364,00	2.185.840.000,00	0,19	14,68%
KLBN3	5,87	9,95	6,11	2,171	1,25%	0,808	3,81	7,54	-1,62	12,10	7,62	28,80%	23,38%	2,60	14,87%	61,39%	574.722,00	5.398.000.000,00	5,35	15,23%
HAGA3	8,42	9,98	-1,51	2,222	0,00%	1,585	4,43	21,83	-1,30	21,20	15,58	10,18%	22,26%	1,76	17,79%	-15,13%	523.261,00	-66.331.300,00	-0,49	13,98%
CRFB3	15,80	10,24	1,85	0,409	5,74%	0,579	16,14	6,24	-3,39	8,18	6,61	6,55%	4,25%	1,08	11,79%	18,09%	69.247.300,00	16.925.000.000,00	0,71	13,49%
ENGI3	14,10	10,50	2,92	0,999	5,60%	0,495	8,38	5,68	-0,92	9,37	7,34	17,58%	10,46%	1,28	10,12%	27,84%	137.501,00	8.748.260.000,00	2,40	16,79%
PRNR3	6,73	10,58	1,13	0,686	0,80%	0,731	2,68	9,80	3,53	8,95	4,97	7,00%	6,73%	1,94	9,76%	10,72%	814.558,00	230.946.000,00	0,21	3,56%
DOHL3	19,00	10,58	2,05	2,094	0,98%	1,556	3,72	14,92	5,25	14,88	12,95	14,04%	19,80%	4,53	11,35%	19,35%	90,70	702.237.000,00	0,07	8,84%
BTTL3	20,19	10,68	7,92	0,546	0,00%	1,535	19,75	9,55	-5,67	9,95	7,79	5,71%	5,11%	1,17	22,56%	74,12%	395.854,00	37.891.000,00	1,12	39,72%
TIMS3	13,31	10,90	1,31	1,796	3,25%	0,733	5,57	9,82	-4,79	8,61	3,17	18,29%	16,48%	1,85	9,66%	11,99%	74.965.900,00	24.641.800.000,00	0,14	4,43%
SIMH3	10,76	11,04	2,64	0,726	1,47%	0,219	0,57	3,70	-0,62	8,86	6,26	19,60%	9,81%	4,09	10,97%	23,96%	23.473.100,00	3.406.830.000,00	8,57	0,00%
GRND3	8,45	11,22	1,87	3,190	10,24%	1,716	2,65	16,59	2,73	13,35	11,20	19,23%	28,43%	11,45	16,38%	16,65%	13.490.200,00	4.080.980.000,00	0,02	-0,95%
GFSA3	2,05	11,30	0,39	0,588	0,00%	0,167	0,40	5,58	1,34	11,51	10,27	10,54%	5,25%	2,44	3,46%	3,47%	14.055.200,00	1.765.520.000,00	0,67	5,85%
CSAB4	50,00	11,58	2,12	122,254	4,09%	1,027	0,00	13,19	0,00	0,00	0,00	927,03%	1.056,00%	0,00	0,00%	18,32%	4.978,84	181.092.000,00	0,00	-15,63%
AURA33	51,22	11,68	2,41	2,127	12,86%	1,140	4,70	5,57	-16,52	5,49	5,49	38,19%	18,21%	2,12	34,21%	20,67%	5.009.470,00	1.501.160.000,00	0,56	37,71%
LOGN3	23,31	11,76	5,64	1,854	0,00%	1,104	4,77	12,93	-2,87	17,15	10,54	14,34%	15,77%	2,23	12,01%	47,93%	16.755.900,00	437.799.000,00	3,11	14,36%
PTNT3	12,27	11,88	1,97	0,764	1,65%	0,750	3,74	8,58	98,34	9,75	6,79	8,90%	7,82%	1,60	12,64%	16,59%	213.202,00	299.139.000,00	0,77	9,91%
SOJA3	13,65	11,95	2,55	1,833	0,00%	1,612	3,27	11,36	3,66	10,50	10,34	16,14%	15,35%	2,57	21,82%	21,36%	4.958.590,00	626.668.000,00	0,20	0,00%
WLMM4	30,82	12,01	2,12	0,648	2,46%	1,723	4,51	9,91	5,71	8,49	8,21	6,54%	5,39%	4,65	24,33%	17,62%	60.550,60	530.316.000,00	0,01	35,45%
JALL3	9,41	12,20	2,30	2,137	3,12%	0,779	2,42	4,42	-5,71	5,49	3,36	48,35%	17,51%	2,59	25,54%	18,83%	6.722.240,00	1.206.520.000,00	1,41	0,00%
BPAC11	23,01	12,22	2,43	0,000	1,67%	0,000	0,00	0,00	0,00	0,00	0,00	0,00%	0,00%	0,00	0,00%	19,92%	290.294.000,00	36.259.400.000,00	0,00	33,79%
ENEV3	13,33	12,32	1,97	3,618	0,00%	0,946	8,62	13,06	-2,86	17,49	12,01	27,71%	29,37%	2,39	8,56%	15,98%	89.750.000,00	8.575.330.000,00	0,90	12,99%
GUAR3	12,83	12,40	1,24	0,922	3,43%	0,472	2,33	23,30	-18,14	29,38	9,91	3,96%	7,44%	1,52	2,54%	10,01%	13.912.500,00	5.161.370.000,00	0,68	1,22%
TUPY3	19,61	12,41	1,05	0,449	2,20%	0,437	1,23	5,05	158,14	6,81	4,18	8,89%	3,62%	2,54	12,32%	8,47%	11.778.400,00	2.690.750.000,00	0,77	11,20%
OFSA3	24,91	12,46	2,11	1,572	1,90%	1,197	3,03	9,55	6,85	10,55	8,87	16,45%	12,62%	2,86	16,50%	16,95%	222.785,00	636.339.000,00	0,51	16,47%
SMTO3	36,74	12,53	2,90	2,565	6,35%	0,941	4,95	8,29	-2,88	11,50	6,00	30,95%	20,47%	2,20	13,22%	23,14%	44.480.400,00	4.485.740.000,00	1,42	14,14%
BBSE3	22,83	12,60	5,87	0,000	4,37%	3,942	0,00	9,85	0,00	0,00	0,00	0,00%	0,00%	0,00	0,00%	46,56%	102.099.000,00	7.781.880.000,00	0,00	0,00%
AESB3	11,48	12,68	2,54	4,619	1,63%	0,517	1.010,99	64,13	-0,85	123,17	123,17	7,20%	36,44%	1,00	0,89%	20,04%	11.755.900,00	2.223.480.000,00	2,67	0,00%
EQPA3	5,44	12,79	3,33	1,615	5,70%	0,939	5,87	6,88	-3,46	8,08	6,78	23,48%	12,63%	1,56	18,92%	26,05%	41.073,30	3.607.190.000,00	1,30	8,38%
QUAL3	17,19	12,82	2,92	2,336	12,05%	1,025	-6,08	6,24	-3,73	7,55	5,26	37,44%	18,65%	0,69	24,49%	22,78%	39.210.800,00	1.671.410.000,00	1,30	0,43%
DIRR3	13,34	12,86	1,65	1,167	5,29%	0,362	1,01	6,43	-1,22	7,41	6,39	18,14%	11,67%	4,68	6,95%	12,81%	22.305.200,00	1.214.780.000,00	1,02	20,45%
EGIE3	40,78	13,22	4,22	2,457	4,39%	0,857	12,32	5,70	-1,49	8,21	7,08	43,09%	18,59%	1,46	17,57%	31,92%	46.208.400,00	7.882.900.000,00	2,44	18,66%
MDIA3	22,00	13,25	1,08	1,015	0,91%	0,704	2,32	21,54	7,58	21,45	11,88	4,71%	7,66%	3,20	4,30%	8,17%	27.469.000,00	6.893.860.000,00	0,27	8,53%
WLMM3	34,00	13,25	2,33	0,715	2,02%	1,901	4,97	10,93	6,30	9,51	9,20	6,54%	5,39%	4,65	24,33%	17,62%	396,23	530.316.000,00	0,01	35,45%
PARD3	21,95	13,26	3,34	1,448	1,30%	1,357	11,82	7,19	-6,41	7,37	5,75	20,13%	10,93%	1,43	23,94%	25,19%	6.907.450,00	860.764.000,00	0,38	14,64%
KEPL3	41,29	13,79	1,82	1,185	25,75%	0,940	3,47	10,04	4,23	7,02	5,74	11,81%	8,60%	1,62	16,17%	13,23%	9.335.810,00	687.143.000,00	0,09	14,69%
LCAM3	25,28	13,93	2,69	1,959	1,62%	0,847	27,03	7,70	-1,74	11,45	8,75	25,44%	14,06%	1,19	13,84%	19,35%	73.421.100,00	4.772.960.000,00	1,69	59,06%
CAMB3	4,58	14,01	1,82	0,936	0,00%	0,643	18,48	5,91	-2,86	8,21	6,84	15,83%	6,65%	1,09	12,40%	13,00%	132.581,00	106.255.000,00	0,80	-8,63%
MRSA6B	36,00	14,23	2,47	2,816	0,88%	0,963	28,96	9,69	-2,38	11,23	6,20	29,07%	19,79%	1,19	12,32%	17,39%	279,07	4.946.430.000,00	0,81	4,07%
MRSA6B	36,00	14,23	2,47	2,816	0,88%	0,963	28,96	9,69	-2,38	11,23	6,20	29,07%	19,79%	1,19	12,32%	17,39%	279,07	4.946.430.000,00	0,81	4,07%
ABEV3	14,41	14,31	2,61	3,269	4,19%	1,679	32,00	14,52	-25,87	13,43	10,15	22,52%	23,44%	1,23	16,15%	18,27%	317.422.000,00	86.771.200.000,00	0,03	9,89%
SOND6	35,51	14,36	1,44	1,216	23,72%	1,007	3,06	15,16	4,51	10,60	8,14	8,02%	8,46%	2,68	9,60%	10,04%	572,28	60.518.000,00	0,00	9,12%
BRPR3	7,27	14,66	0,48	10,511	2,81%	0,301	5,41	15,35	-1,13	23,47	23,31	68,47%	71,70%	2,03	2,18%	3,29%	13.964.500,00	7.154.660.000,00	0,41	-8,19%
PDTC3	6,58	14,69	3,97	1,573	0,00%	1,207	3,12	16,66	11,23	16,88	16,88	9,44%	10,71%	1,93	11,14%	27,02%	837.685,00	130.046.000,00	0,71	276,60%
BPAN4	9,21	14,70	1,96	0,000	2,43%	0,000	0,00	0,00	0,00	0,00	0,00	0,00%	0,00%	0,00	0,00%	13,30%	91.042.300,00	5.676.190.000,00	0,00	12,84%
FLRY3	19,39	14,73	3,40	1,630	3,72%	1,010	8,45	8,59	-2,58	11,46	7,49	18,98%	11,10%	1,62	14,80%	23,06%	36.074.100,00	1.814.990.000,00	1,67	10,94%
CXSE3	8,90	14,80	2,47	0,000	2,75%	2,447	39,42	-427,86	39,47	-417,95	-418,16	0,00%	0,00%	7,86	-0,61%	16,68%	25.817.200,00	10.811.300.000,00	0,00	0,00%
EVEN3	7,02	14,86	0,83	0,680	11,83%	0,254	0,65	4,04	1,18	1,97	1,93	16,85%	6,34%	2,00	7,86%	5,59%	12.490.400,00	1.790.560.000,00	0,20	8,02%
CPLE5	31,00	14,98	3,93	3,709	4,43%	1,702	38,72	21,73	-5,33	23,16	18,28	17,07%	25,25%	1,22	9,27%	26,26%	1.969,65	21.564.100.000,00	0,49	12,70%
BALM4	11,59	15,05	0,95	0,793	3,54%	0,523	1,27	7,75	2,11	6,60	5,37	10,23%	4,31%	2,57	8,74%	6,31%	5.952,16	119.668.000,00	0,20	8,74%
HYPE3	30,89	15,14	2,02	3,593	3,99%	0,976	5,75	12,14	-5,55	14,79	13,70	29,60%	23,73%	1,99	9,73%	13,35%	83.476.100,00	9.680.530.000,00	0,77	9,29%
ENMT3	79,90	15,16	6,27	2,550	6,87%	1,585	31,36	10,02	-3,35	12,26	10,73	25,44%	16,82%	1,23	17,66%	41,39%	309.189,00	2.788.090.000,00	1,56	13,50%
MRSA3B	38,70	15,30	2,66	3,028	0,00%	1,035	31,14	10,42	-2,56	11,95	6,60	29,07%	19,79%	1,19	12,32%	17,39%	537,86	4.946.430.000,00	0,81	4,07%
MRSA3B	38,70	15,30	2,66	3,028	0,00%	1,035	31,14	10,42	-2,56	11,95	6,60	29,07%	19,79%	1,19	12,32%	17,39%	537,86	4.946.430.000,00	0,81	4,07%
ENMT4	81,79	15,52	6,42	2,610	6,01%	1,622	32,11	10,26	-3,43	12,50	10,93	25,44%	16,82%	1,23	17,66%	41,39%	2.051,23	2.788.090.000,00	1,56	13,50%
EQPA7	6,62	15,56	4,05	1,966	4,68%	1,143	7,14	8,37	-4,21	9,57	8,03	23,48%	12,63%	1,56	18,92%	26,05%	108,00	3.607.190.000,00	1,30	8,38%
TECN3	2,55	15,58	0,62	0,629	3,18%	0,311	0,71	3,22	2,62	3,57	4,53	19,53%	4,03%	3,41	13,08%	3,97%	3.237.600,00	323.227.000,00	0,42	-4,23%
SOND5	38,69	15,65	1,57	1,324	21,77%	1,097	3,34	16,51	4,92	11,95	9,18	8,02%	8,46%	2,68	9,60%	10,04%	1.237,16	60.518.000,00	0,00	9,12%
ELET5	64,50	15,76	1,33	3,405	0,00%	0,524	5,44	-28,75	-1,41	-35,79	-76,44	-11,84%	21,84%	1,70	-2,13%	8,44%	150,00	76.128.500.000,00	0,64	-7,43%
BLAU3	32,19	16,33	3,50	4,264	0,77%	2,434	4,14	11,82	5,53	10,79	10,37	36,08%	26,12%	4,76	37,57%	21,42%	11.861.800,00	1.651.170.000,00	0,30	17,16%
MELK3	4,22	16,35	0,75	1,285	6,71%	0,446	0,80	13,83	0,88	5,80	5,43	9,29%	9,23%	2,69	4,53%	4,56%	2.161.380,00	1.177.750.000,00	0,03	0,00%
GMAT3	5,70	16,81	2,03	0,835	0,00%	1,368	2,71	13,39	3,85	13,80	10,91	6,24%	5,00%	3,96	13,05%	12,09%	25.315.000,00	6.197.320.000,00	0,22	0,00%
EQPA5	7,30	17,16	4,47	2,168	4,25%	1,260	7,88	9,23	-4,65	10,43	8,75	23,48%	12,63%	1,56	18,92%	26,05%	5.740,07	3.607.190.000,00	1,30	8,38%
VIVT3	49,71	17,16	1,21	1,922	6,97%	0,742	57,58	15,47	-4,17	16,21	5,08	12,42%	11,19%	1,07	5,60%	7,06%	88.676.500,00	69.350.500.000,00	0,18	0,29%
ODPV3	12,21	17,22	5,74	3,564	3,86%	3,414	-2.575,23	10,93	-35,35	10,36	9,90	32,61%	20,78%	1,00	38,39%	33,36%	18.841.500,00	1.129.380.000,00	0,00	6,69%
JOPA3	27,00	17,30	0,52	0,152	3,17%	0,130	0,35	4,86	3,67	12,23	9,49	3,13%	1,26%	2,12	4,13%	3,01%	3.474,09	547.682.000,00	1,95	15,08%
BSLI3	26,87	17,57	4,27	0,000	4,33%	0,000	0,00	0,00	0,00	0,00	0,00	0,00%	0,00%	0,00	0,00%	24,31%	11.548,10	2.283.750.000,00	0,00	9,58%
BSLI4	27,50	17,98	4,37	0,000	4,65%	0,000	0,00	0,00	0,00	0,00	0,00	0,00%	0,00%	0,00	0,00%	24,31%	54.567,20	2.283.750.000,00	0,00	9,58%
UGPA3	14,52	18,06	1,65	0,150	4,41%	0,433	2,02	8,96	-1,83	15,86	9,11	1,68%	0,86%	1,77	7,15%	9,15%	97.135.100,00	9.795.900.000,00	1,86	5,89%
PRIO3	24,41	18,31	3,79	6,160	0,00%	1,882	5,08	14,48	-73,14	14,14	9,06	42,55%	33,65%	4,46	22,17%	20,69%	413.472.000,00	5.686.920.000,00	0,71	61,56%
B3SA3	14,13	18,33	3,83	8,399	5,89%	1,579	8,70	13,30	-13,09	11,76	10,09	63,16%	45,83%	1,64	21,23%	20,92%	536.429.000,00	22.580.300.000,00	0,62	33,84%
BALM3	14,58	18,94	1,19	0,998	2,33%	0,657	1,60	9,75	2,65	8,60	7,00	10,23%	4,31%	2,57	8,74%	6,31%	1.428,23	119.668.000,00	0,20	8,74%
GPAR3	41,52	19,31	2,10	15,468	1,22%	1,530	8,98	17,07	-24,59	16,33	16,33	90,60%	80,10%	5,32	10,12%	10,88%	96,56	1.539.700.000,00	0,06	-1,91%
RPAD6	4,37	19,31	0,36	0,000	0,00%	0,354	37,52	-88,11	37,97	-85,12	-85,12	0,00%	0,00%	3,82	-0,41%	1,84%	5.873,74	1.040.860.000,00	0,00	-19,89%
JPSA3	29,02	20,27	1,93	4,667	0,29%	0,468	2,34	12,96	-1,68	20,35	12,83	36,02%	46,31%	5,31	4,56%	9,51%	7.666.510,00	1.762.140.000,00	1,94	1,01%
BMOB3	15,16	20,42	1,35	4,610	0,00%	1,181	1,91	14,67	2,10	7,97	5,52	31,43%	22,57%	10,19	18,92%	6,61%	13.352.300,00	1.021.590.000,00	0,00	0,00%
MTRE3	6,96	20,84	0,75	1,318	8,11%	0,494	0,98	14,50	1,28	9,10	8,55	9,09%	6,70%	3,33	4,60%	3,58%	4.327.700,00	987.574.000,00	0,10	47,55%
LAME4	6,55	20,99	1,89	0,476	0,00%	0,282	1,19	7,32	-4,32	11,24	5,46	6,51%	2,51%	1,72	6,53%	9,02%	104.310.000,00	6.514.640.000,00	2,54	9,72%
RDNI3	9,26	21,03	0,65	1,064	0,11%	0,224	0,91	77,44	-1,26	169,48	85,85	1,37%	6,99%	2,08	0,30%	3,09%	262.385,00	624.005.000,00	0,84	9,84%
LAME3	6,62	21,22	1,91	0,481	0,00%	0,285	1,20	7,40	-4,37	11,32	5,49	6,51%	2,51%	1,72	6,53%	9,02%	16.004.600,00	6.514.640.000,00	2,54	9,72%
BOAS3	5,70	21,42	1,51	4,231	1,52%	1,173	2,48	18,89	3,67	11,88	5,85	22,39%	19,75%	7,70	12,19%	7,06%	7.694.000,00	2.001.970.000,00	0,05	12,81%
BPAC3	13,45	21,42	4,27	0,000	0,95%	0,000	0,00	0,00	0,00	0,00	0,00	0,00%	0,00%	0,00	0,00%	19,92%	195.509,00	36.259.400.000,00	0,00	33,79%
INTB3	30,84	21,46	5,51	3,543	0,53%	3,209	6,29	36,56	7,96	34,59	30,72	9,69%	16,49%	2,68	17,42%	25,66%	29.070.200,00	1.834.640.000,00	0,22	0,00%
VITT3	15,00	21,46	4,73	3,038	0,65%	2,344	7,89	15,39	9,79	16,39	15,31	19,74%	14,36%	1,67	19,67%	22,05%	1.960.770,00	453.438.000,00	0,64	0,00%
RENT3	57,22	21,66	5,81	3,896	0,78%	1,978	27,77	13,87	-4,83	16,19	14,28	28,08%	17,98%	1,40	18,06%	26,84%	440.395.000,00	7.465.070.000,00	1,44	18,52%
VIVA3	24,70	22,05	4,34	4,622	1,33%	2,463	6,99	19,44	15,57	18,86	15,46	23,78%	20,96%	2,48	17,64%	19,70%	27.137.400,00	1.342.840.000,00	0,22	27,01%
PGMN3	9,11	22,34	1,95	0,545	0,00%	0,677	3,88	10,30	-5,06	11,45	6,86	5,29%	2,44%	1,51	8,80%	8,71%	7.392.300,00	2.077.700.000,00	0,37	6,28%
JOPA4	35,00	22,43	0,68	0,197	2,69%	0,169	0,46	6,30	4,76	13,67	10,61	3,13%	1,26%	2,12	4,13%	3,01%	529,30	547.682.000,00	1,95	15,08%
AGXY3	11,94	22,45	1,49	0,357	0,00%	0,342	3,14	11,72	50,52	16,05	11,18	3,05%	1,42%	1,16	6,00%	6,66%	1.044.430,00	1.364.840.000,00	0,98	0,00%
BRGE12	6,98	22,57	0,41	74,673	0,01%	0,168	0,41	-1,05	0,90	2,07	2,07	-7.083,11%	403,81%	3,24	-31,65%	1,83%	6.074,21	1.247.620.000,00	0,00	-21,73%
BRGE3	7,00	22,64	0,41	74,887	0,01%	0,168	0,41	-1,06	0,90	2,06	2,07	-7.083,11%	403,81%	3,24	-31,65%	1,83%	1.518,77	1.247.620.000,00	0,00	-21,73%
BAUH4	84,78	22,65	4,49	2,441	0,79%	2,929	-93,13	124,33	-55,20	121,15	53,65	1,96%	10,78%	0,90	3,33%	19,84%	36.724,00	98.559.000,00	0,00	3,78%
BRGE11	7,01	22,67	0,41	74,994	5,37%	0,169	0,41	-1,06	0,90	2,06	2,07	-7.083,11%	403,81%	3,24	-31,65%	1,83%	101,58	1.247.620.000,00	0,00	-21,73%
MILS3	6,07	23,04	1,41	2,295	3,09%	1,054	3,78	13,53	7,21	12,59	5,51	16,96%	9,95%	3,38	10,47%	6,11%	7.457.260,00	1.088.030.000,00	0,20	26,39%
LJQQ3	9,65	23,17	3,40	0,916	1,47%	0,692	2,35	9,25	-6,13	8,48	6,09	9,91%	3,95%	1,76	11,00%	14,69%	26.962.200,00	530.972.000,00	0,56	0,00%
RAIZ4	6,38	23,24	3,54	0,423	0,00%	0,627	10,69	14,68	-1,99	21,50	12,87	2,88%	1,85%	1,13	5,39%	15,22%	55.514.500,00	18.671.900.000,00	2,01	0,00%
BMIN4	18,80	23,86	0,72	0,000	10,37%	0,000	0,00	0,00	0,00	0,00	0,00	0,00%	0,00%	0,00	0,00%	3,01%	7.985,65	126.234.000,00	0,00	-16,35%
POWE3	10,93	23,98	0,99	0,620	0,48%	0,379	6,59	17,65	-3,02	10,68	10,06	3,51%	2,59%	1,13	3,54%	4,13%	5.134.990,00	988.330.000,00	0,04	0,00%
CSED3	5,56	24,87	1,47	1,176	2,71%	0,444	2,83	7,30	-1,06	7,53	4,51	16,11%	4,73%	2,31	8,04%	5,89%	5.333.860,00	1.448.400.000,00	0,81	0,00%
PNVL3	13,09	24,95	1,91	0,628	1,34%	0,873	3,14	26,00	21,88	32,40	10,98	2,41%	2,52%	1,91	4,42%	7,67%	7.490.040,00	1.029.350.000,00	0,67	9,09%
SULA11	23,98	25,14	1,24	0,529	0,94%	0,369	1,01	261,80	-11,49	-106,52	-23,29	0,20%	2,11%	2,19	0,35%	4,92%	79.781.100,00	8.256.910.000,00	0,25	2,91%
SBFG3	23,24	25,21	2,58	1,249	0,00%	0,793	3,40	18,73	-5,52	24,65	12,28	6,67%	4,95%	1,74	5,28%	10,23%	21.806.100,00	2.189.360.000,00	1,07	66,70%
SULA4	8,03	25,25	1,24	0,532	0,93%	0,370	1,02	263,00	-11,55	-105,32	-23,03	0,20%	2,11%	2,19	0,35%	4,92%	179.158,00	8.256.910.000,00	0,25	2,91%
BMIN3	20,00	25,39	0,76	0,000	0,00%	0,000	0,00	0,00	0,00	0,00	0,00	0,00%	0,00%	0,00	0,00%	3,01%	541,00	126.234.000,00	0,00	-16,35%
BMKS3	230,00	25,42	0,55	5,363	3,45%	0,490	0,65	-48,33	0,74	14,65	200,71	-11,10%	21,10%	37,44	-2,97%	2,16%	11.405,10	190.364.000,00	0,01	8,71%
SULA3	8,11	25,51	1,25	0,537	0,92%	0,374	1,03	265,62	-11,66	-102,70	-22,45	0,20%	2,11%	2,19	0,35%	4,92%	127.769,00	8.256.910.000,00	0,25	2,91%
TFCO4	10,69	27,11	6,95	4,221	5,54%	4,059	7,47	21,10	11,32	21,28	20,53	20,01%	15,57%	3,35	25,27%	25,65%	2.859.420,00	245.575.000,00	0,32	0,00%
AFLT3	8,60	27,54	3,04	13,958	7,33%	2,762	12,29	27,22	17,21	26,26	26,15	51,28%	50,68%	9,63	11,41%	11,02%	4.106,67	178.674.000,00	0,00	10,78%
RPAD3	6,35	28,06	0,52	0,000	0,00%	0,515	54,53	-128,03	55,17	-125,04	-125,04	0,00%	0,00%	3,82	-0,41%	1,84%	4.029,12	1.040.860.000,00	0,00	-19,89%
LUXM4	81,99	28,16	4,16	3,466	1,96%	2,675	21,88	21,39	-30,39	20,92	11,85	16,20%	12,31%	1,83	15,72%	14,79%	158.461,00	102.314.000,00	0,19	2,99%
MOSI3	7,24	28,37	1,37	4,183	0,01%	1,277	1,66	78,81	1,67	32,10	18,60	5,31%	14,75%	13,30	8,12%	4,82%	5.324.340,00	670.337.000,00	0,00	0,00%
ARZZ3	82,30	28,47	5,84	3,650	1,02%	2,891	21,28	32,05	-110,74	33,02	24,62	11,39%	12,80%	1,40	11,89%	20,52%	77.432.600,00	1.546.530.000,00	0,37	12,63%
BRGE6	9,00	29,10	0,53	96,283	8,36%	0,216	0,53	-1,36	1,16	1,76	1,77	-7.083,11%	403,81%	3,24	-31,65%	1,83%	41,86	1.247.620.000,00	0,00	-21,73%
IGTI11	18,70	29,47	2,80	6,788	0,00%	0,681	3,41	18,84	-2,45	26,24	16,54	36,02%	46,31%	5,31	4,56%	9,51%	47.281.900,00	1.762.140.000,00	1,94	1,01%
BRGE8	9,19	29,72	0,54	98,316	3,41%	0,221	0,54	-1,39	1,18	1,73	1,74	-7.083,11%	403,81%	3,24	-31,65%	1,83%	275,79	1.247.620.000,00	0,00	-21,73%
LIPR3	65,00	29,88	3,70	0,000	3,11%	3,198	12,48	-129,83	14,37	-116,07	-116,15	0,00%	0,00%	3,51	-3,73%	12,39%	18.049,40	206.596.000,00	0,00	0,00%
ALPA3	23,99	31,39	4,23	3,481	1,62%	2,643	8,83	17,10	13,17	16,29	13,66	20,35%	11,13%	2,13	20,91%	13,48%	93.777,70	3.335.250.000,00	0,07	-0,06%
AMBP3	38,30	31,95	3,68	2,962	0,25%	0,917	5,77	17,73	-2,48	24,02	15,45	16,70%	9,78%	1,82	6,76%	11,51%	29.976.400,00	1.176.380.000,00	2,13	0,00%
MULT3	20,70	32,19	1,92	10,856	2,38%	1,139	12,63	22,43	-4,80	26,05	19,31	48,39%	33,68%	2,12	5,77%	5,98%	137.289.000,00	6.462.260.000,00	0,49	-0,47%
CCRO3	12,42	33,27	2,94	2,090	1,34%	0,636	6,00	7,52	-1,28	12,34	6,39	27,79%	7,29%	1,62	10,89%	8,85%	114.328.000,00	8.522.990.000,00	2,85	3,51%
ALPA4	25,83	33,79	4,55	3,748	1,66%	2,846	9,51	18,41	14,17	17,61	14,76	20,35%	11,13%	2,13	20,91%	13,48%	94.282.000,00	3.335.250.000,00	0,07	-0,06%
NGRD3	2,94	33,92	1,48	2,966	0,42%	0,905	2,78	21,33	8,00	14,40	9,43	13,91%	8,75%	2,83	7,46%	4,37%	4.725.810,00	472.893.000,00	0,20	0,00%
VAMO3	12,02	34,74	4,31	4,814	1,63%	1,619	6,25	19,02	-7,08	21,17	14,15	25,31%	13,89%	2,91	13,10%	12,41%	28.634.400,00	2.724.400.000,00	1,19	72,71%
ALSO3	21,80	35,24	0,87	6,602	1,04%	0,520	4,72	15,22	-3,64	17,50	11,66	43,36%	22,64%	3,18	3,88%	2,46%	32.817.200,00	6.693.810.000,00	0,32	31,67%
IGTI3	3,26	35,97	3,42	8,283	0,17%	0,831	4,16	23,00	-2,99	30,39	19,15	36,02%	46,31%	5,31	4,56%	9,51%	2.027.020,00	1.762.140.000,00	1,94	1,01%
STBP3	7,20	36,07	2,75	4,597	3,61%	1,308	6,72	21,42	-5,46	18,94	11,72	21,46%	12,75%	3,17	8,19%	7,61%	33.115.600,00	2.261.990.000,00	0,18	10,16%
RPAD5	8,21	36,28	0,67	0,000	6,86%	0,666	70,50	-165,53	71,34	-162,54	-162,54	0,00%	0,00%	3,82	-0,41%	1,84%	27.106,00	1.040.860.000,00	0,00	-19,89%
SYNE3	7,12	36,31	0,66	2,269	1,11%	0,212	1,13	4,39	-1,21	8,61	6,68	51,71%	24,43%	4,35	5,52%	1,81%	22.504.600,00	1.651.660.000,00	1,02	1,32%
CEGR3	57,99	36,73	11,93	3,794	2,02%	3,846	-160,25	21,47	-9,74	22,55	18,75	17,67%	10,33%	0,92	22,90%	32,49%	269,74	1.261.570.000,00	0,94	0,59%
SOMA3	13,83	36,82	1,51	5,296	0,00%	1,140	6,86	50,03	30,03	53,35	34,37	10,58%	14,38%	2,40	2,50%	4,11%	63.220.900,00	7.173.400.000,00	0,14	0,00%
BRFS3	18,75	37,43	2,00	0,331	0,00%	0,287	3,80	5,17	-0,72	10,92	5,72	6,39%	0,88%	1,20	9,10%	5,36%	240.863.000,00	7.599.850.000,00	3,18	7,78%
WEGE3	30,85	37,49	10,16	5,909	1,37%	5,755	17,96	30,47	24,06	30,16	26,98	19,40%	16,09%	1,96	24,16%	27,09%	229.736.000,00	12.750.400.000,00	0,13	23,13%
BRML3	9,26	40,40	0,75	7,869	0,00%	0,417	5,29	13,27	-1,31	17,32	16,17	59,28%	15,96%	3,94	3,43%	1,87%	197.871.000,00	10.717.700.000,00	0,38	-6,16%
DMVF3	4,03	40,70	0,25	0,188	0,00%	0,139	3,03	2,47	-0,88	1,81	0,87	7,60%	0,46%	1,20	7,00%	0,61%	418.240,00	823.207.000,00	0,08	0,00%
SCAR3	36,00	43,47	1,32	7,850	1,02%	0,669	6,83	14,23	-2,03	21,96	16,46	55,18%	18,45%	2,57	5,25%	3,05%	227.168,00	1.569.430.000,00	0,93	-8,02%
LREN3	26,20	45,61	2,73	2,651	1,58%	1,331	3,67	17,28	10,33	15,66	9,90	15,35%	5,81%	2,31	12,21%	5,98%	300.364.000,00	9.497.620.000,00	0,35	6,04%
RADL3	21,98	48,85	7,64	1,565	1,01%	2,520	17,50	27,77	-15,20	28,78	14,70	5,63%	3,27%	1,40	11,56%	15,64%	137.680.000,00	4.752.110.000,00	0,33	16,12%
CVCB3	13,01	48,90	5,63	4,338	0,00%	0,553	142,75	-7,12	-2,00	-7,66	-12,92	-60,92%	7,66%	1,01	-10,35%	11,51%	128.777.000,00	519.798.000,00	1,91	-15,11%
AALR3	16,15	49,70	1,58	1,647	0,00%	0,734	-42,45	15,16	-2,39	20,04	10,17	10,87%	4,14%	0,93	5,31%	3,19%	11.688.600,00	1.205.650.000,00	0,64	-0,38%
TOTS3	28,47	51,03	4,20	5,804	1,05%	1,864	9,39	14,22	-61,93	13,50	11,25	40,81%	11,37%	1,61	18,84%	8,22%	129.284.000,00	4.187.760.000,00	0,45	7,29%
YDUQ3	21,62	51,45	2,00	1,553	2,17%	0,673	13,02	15,33	-1,87	22,83	8,90	10,13%	3,02%	1,21	5,60%	3,88%	58.101.000,00	3.346.510.000,00	1,54	5,65%
RAIL3	15,26	52,75	1,86	3,728	0,00%	0,612	3,94	15,20	-1,42	21,37	10,96	24,52%	7,15%	2,94	4,98%	3,53%	185.803.000,00	15.208.900.000,00	1,30	8,43%
NTCO3	21,01	54,70	1,04	0,715	0,00%	0,494	6,69	13,97	-2,12	17,51	7,56	5,12%	1,29%	1,34	4,42%	1,90%	220.023.000,00	27.849.900.000,00	0,46	2,92%
MGLU3	6,33	59,57	3,93	1,189	0,24%	1,398	6,54	79,41	216,81	79,87	32,67	1,50%	2,00%	1,49	2,79%	6,60%	928.102.000,00	10.872.500.000,00	0,22	33,50%
RDOR3	45,72	63,50	6,43	4,734	2,90%	1,800	5,39	23,45	-6,48	26,96	21,05	20,19%	8,04%	4,36	10,66%	10,13%	153.771.000,00	14.285.100.000,00	1,89	46,09%
MERC4	10,45	66,95	0,76	0,000	4,95%	0,000	0,00	0,00	0,00	0,00	0,00	0,00%	0,00%	0,00	0,00%	1,13%	121,30	247.902.000,00	0,00	-36,09%
AERI3	6,08	69,83	4,58	1,760	0,00%	1,568	3,41	26,49	-277,91	29,53	24,92	6,64%	2,52%	3,40	10,32%	6,56%	14.009.600,00	1.016.960.000,00	1,42	0,00%
ANIM3	8,07	92,72	1,26	1,485	0,00%	0,316	8,58	10,45	-0,53	24,53	12,17	14,21%	1,75%	1,31	3,31%	1,36%	21.568.300,00	2.577.160.000,00	2,00	19,40%
PETZ3	17,67	112,44	13,85	4,164	0,22%	4,000	113,48	45,45	-10,87	46,20	23,33	9,16%	3,70%	1,11	11,07%	12,32%	106.313.000,00	585.296.000,00	0,51	0,00%
HAPV3	12,43	124,23	4,56	5,061	0,30%	2,779	109,09	92,58	-15,74	91,67	33,19	5,47%	4,13%	1,14	3,56%	3,67%	286.712.000,00	10.615.600.000,00	0,19	37,43%
SQIA3	19,12	144,31	2,10	5,474	0,08%	1,349	2,96	56,55	7,45	43,84	19,01	9,68%	4,28%	6,56	4,77%	1,46%	17.931.100,00	798.855.000,00	0,30	24,57%
CBEE3	23,01	145,15	1,06	0,499	0,00%	0,244	-1.028,54	33,10	-0,42	75,95	14,24	1,51%	0,34%	1,00	0,85%	0,73%	9.705,86	3.625.470.000,00	1,51	9,15%
BIDI3	7,76	374,24	2,34	0,000	0,19%	0,000	0,00	0,00	0,00	0,00	0,00	0,00%	0,00%	0,00	0,00%	0,63%	11.965.600,00	8.536.610.000,00	0,00	46,66%
BIDI11	23,37	375,68	2,35	0,000	0,19%	0,000	0,00	0,00	0,00	0,00	0,00	0,00%	0,00%	0,00	0,00%	0,63%	418.953.000,00	8.536.610.000,00	0,00	46,66%
BIDI4	7,79	375,68	2,35	0,000	0,19%	0,000	0,00	0,00	0,00	0,00	0,00	0,00%	0,00%	0,00	0,00%	0,63%	105.105.000,00	8.536.610.000,00	0,00	46,66%
AMER3	32,15	409,02	1,82	1,685	0,00%	0,658	2,81	44,73	-9,34	50,47	19,99	3,77%	0,41%	1,70	2,49%	0,45%	235.160.000,00	15.663.400.000,00	0,85	19,85%
VIIA3	4,22	674,54	1,19	0,209	0,00%	0,192	-8,75	6,49	-0,63	14,61	7,64	3,22%	0,03%	0,96	3,90%	0,18%	196.399.000,00	5.675.000.000,00	1,76	5,35%
SEQL3	14,98	1.145,94	3,47	1,478	0,00%	1,084	19,75	118,41	-2,90	144,98	18,25	1,25%	0,13%	1,21	1,09%	0,30%	31.566.700,00	602.733.000,00	1,13	0,00%
LWSA3	9,73	13.609,20	1,95	8,270	0,00%	1,367	3,40	182,28	5,56	128,46	37,15	4,54%	0,06%	3,82	1,33%	0,01%	130.872.000,00	2.950.560.000,00	0,04	53,23%
